part_id,lot_id,param,row,col,v_0h,v_24h,v_96h,v_168h,ground_truth,is_defect
CHIP-26-01-001,LOT-2026-01,iddq,0,0,60.61,68.31,80.36,94.34,HARD_FAIL,True
CHIP-26-01-002,LOT-2026-01,iddq,0,1,55.59,58.53,63.17,81.16,HARD_FAIL,True
CHIP-26-01-003,LOT-2026-01,iddq,0,2,65.83,72.08,76.31,95.86,HARD_FAIL,True
CHIP-26-01-004,LOT-2026-01,iddq,0,3,71.15,74.42,80.42,88.17,HARD_FAIL,True
CHIP-26-01-005,LOT-2026-01,iddq,0,4,10.08,11.68,17.91,25.58,LATENT_DRIFT,True
CHIP-26-01-006,LOT-2026-01,iddq,0,5,9.33,10.76,16.33,23.19,LATENT_DRIFT,True
CHIP-26-01-007,LOT-2026-01,iddq,0,6,9.65,11.08,16.66,23.53,LATENT_DRIFT,True
CHIP-26-01-008,LOT-2026-01,iddq,0,7,10.11,11.63,17.56,24.85,LATENT_DRIFT,True
CHIP-26-01-009,LOT-2026-01,iddq,0,8,10.51,11.83,16.98,23.31,LATENT_DRIFT,True
CHIP-26-01-010,LOT-2026-01,iddq,0,9,9.92,11.62,18.24,26.39,LATENT_DRIFT,True
CHIP-26-01-011,LOT-2026-01,iddq,1,0,9.81,10.01,10.51,11.13,NORMAL,False
CHIP-26-01-012,LOT-2026-01,iddq,1,1,10.1,10.22,10.66,10.97,NORMAL,False
CHIP-26-01-013,LOT-2026-01,iddq,1,2,10.29,10.35,10.92,11.37,NORMAL,False
CHIP-26-01-014,LOT-2026-01,iddq,1,3,10.08,10.39,11.15,11.85,NORMAL,False
CHIP-26-01-015,LOT-2026-01,iddq,1,4,9.48,9.69,10.29,10.87,NORMAL,False
CHIP-26-01-016,LOT-2026-01,iddq,1,5,9.6,9.85,10.48,11.19,NORMAL,False
CHIP-26-01-017,LOT-2026-01,iddq,1,6,10.36,10.64,11.29,11.86,NORMAL,False
CHIP-26-01-018,LOT-2026-01,iddq,1,7,9.47,9.59,9.68,9.73,NORMAL,False
CHIP-26-01-019,LOT-2026-01,iddq,1,8,10.28,10.61,11.27,11.97,NORMAL,False
CHIP-26-01-020,LOT-2026-01,iddq,1,9,10.34,10.56,11.08,11.73,NORMAL,False
CHIP-26-01-021,LOT-2026-01,iddq,2,0,9.08,9.18,9.22,9.47,NORMAL,False
CHIP-26-01-022,LOT-2026-01,iddq,2,1,10.32,10.43,10.86,11.1,NORMAL,False
CHIP-26-01-023,LOT-2026-01,iddq,2,2,9.72,9.97,10.78,11.63,NORMAL,False
CHIP-26-01-024,LOT-2026-01,iddq,2,3,10.09,10.2,10.47,10.82,NORMAL,False
CHIP-26-01-025,LOT-2026-01,iddq,2,4,9.75,9.84,10.23,10.48,NORMAL,False
CHIP-26-01-026,LOT-2026-01,iddq,2,5,9.07,9.19,9.45,9.64,NORMAL,False
CHIP-26-01-027,LOT-2026-01,iddq,2,6,9.94,10.13,10.55,11.16,NORMAL,False
CHIP-26-01-028,LOT-2026-01,iddq,2,7,9.99,10.03,10.38,10.95,NORMAL,False
CHIP-26-01-029,LOT-2026-01,iddq,2,8,9.93,10.03,10.29,10.51,NORMAL,False
CHIP-26-01-030,LOT-2026-01,iddq,2,9,10.27,10.44,11.16,11.69,NORMAL,False
CHIP-26-01-031,LOT-2026-01,iddq,3,0,10.49,10.62,11.12,11.67,NORMAL,False
CHIP-26-01-032,LOT-2026-01,iddq,3,1,9.83,9.97,10.24,10.44,NORMAL,False
CHIP-26-01-033,LOT-2026-01,iddq,3,2,9.46,9.67,10.29,10.75,NORMAL,False
CHIP-26-01-034,LOT-2026-01,iddq,3,3,10.22,10.29,10.46,10.65,NORMAL,False
CHIP-26-01-035,LOT-2026-01,iddq,3,4,10.28,10.46,11.26,12.17,NORMAL,False
CHIP-26-01-036,LOT-2026-01,iddq,3,5,9.89,10.14,10.91,11.7,NORMAL,False
CHIP-26-01-037,LOT-2026-01,iddq,3,6,9.57,9.73,10.41,11.13,NORMAL,False
CHIP-26-01-038,LOT-2026-01,iddq,3,7,10.08,10.17,10.34,10.4,NORMAL,False
CHIP-26-01-039,LOT-2026-01,iddq,3,8,10.65,10.88,11.52,11.98,NORMAL,False
CHIP-26-01-040,LOT-2026-01,iddq,3,9,9.74,9.91,10.63,11.28,NORMAL,False
CHIP-26-01-041,LOT-2026-01,iddq,4,0,10.29,10.46,10.55,10.66,NORMAL,False
CHIP-26-01-042,LOT-2026-01,iddq,4,1,10.31,10.5,11.07,11.75,NORMAL,False
CHIP-26-01-043,LOT-2026-01,iddq,4,2,9.91,10.14,10.33,10.68,NORMAL,False
CHIP-26-01-044,LOT-2026-01,iddq,4,3,10.01,10.09,10.33,10.65,NORMAL,False
CHIP-26-01-045,LOT-2026-01,iddq,4,4,10.17,10.45,11.21,12.04,NORMAL,False
CHIP-26-01-046,LOT-2026-01,iddq,4,5,10.37,10.48,10.85,11.06,NORMAL,False
CHIP-26-01-047,LOT-2026-01,iddq,4,6,10.06,10.26,10.81,11.23,NORMAL,False
CHIP-26-01-048,LOT-2026-01,iddq,4,7,10.37,10.6,11.33,12.04,NORMAL,False
CHIP-26-01-049,LOT-2026-01,iddq,4,8,9.52,9.72,10.43,11.11,NORMAL,False
CHIP-26-01-050,LOT-2026-01,iddq,4,9,10.01,10.22,10.75,11.32,NORMAL,False
CHIP-26-01-051,LOT-2026-01,iddq,5,0,10.33,10.62,11.27,11.83,NORMAL,False
CHIP-26-01-052,LOT-2026-01,iddq,5,1,10.06,10.07,10.42,10.39,NORMAL,False
CHIP-26-01-053,LOT-2026-01,iddq,5,2,10.24,10.21,10.3,10.42,NORMAL,False
CHIP-26-01-054,LOT-2026-01,iddq,5,3,10.55,10.66,10.89,11.18,NORMAL,False
CHIP-26-01-055,LOT-2026-01,iddq,5,4,10.02,10.17,10.79,11.35,NORMAL,False
CHIP-26-01-056,LOT-2026-01,iddq,5,5,10.01,10.16,10.46,10.88,NORMAL,False
CHIP-26-01-057,LOT-2026-01,iddq,5,6,9.72,9.77,9.86,10.17,NORMAL,False
CHIP-26-01-058,LOT-2026-01,iddq,5,7,9.88,9.97,10.42,10.75,NORMAL,False
CHIP-26-01-059,LOT-2026-01,iddq,5,8,9.56,9.88,10.7,11.61,NORMAL,False
CHIP-26-01-060,LOT-2026-01,iddq,5,9,9.54,9.74,10.15,10.37,NORMAL,False
CHIP-26-01-061,LOT-2026-01,iddq,6,0,10.16,10.36,10.82,11.16,NORMAL,False
CHIP-26-01-062,LOT-2026-01,iddq,6,1,9.55,9.7,10.26,10.53,NORMAL,False
CHIP-26-01-063,LOT-2026-01,iddq,6,2,9.85,9.99,10.39,11.0,NORMAL,False
CHIP-26-01-064,LOT-2026-01,iddq,6,3,10.14,10.27,10.53,10.71,NORMAL,False
CHIP-26-01-065,LOT-2026-01,iddq,6,4,10.02,10.27,10.9,11.77,NORMAL,False
CHIP-26-01-066,LOT-2026-01,iddq,6,5,9.78,10.06,10.56,11.1,NORMAL,False
CHIP-26-01-067,LOT-2026-01,iddq,6,6,10.1,10.13,10.39,10.52,NORMAL,False
CHIP-26-01-068,LOT-2026-01,iddq,6,7,9.78,9.98,10.67,11.28,NORMAL,False
CHIP-26-01-069,LOT-2026-01,iddq,6,8,10.28,10.43,10.8,11.04,NORMAL,False
CHIP-26-01-070,LOT-2026-01,iddq,6,9,9.37,9.54,10.25,10.86,NORMAL,False
CHIP-26-01-071,LOT-2026-01,iddq,7,0,9.92,10.2,10.82,11.46,NORMAL,False
CHIP-26-01-072,LOT-2026-01,iddq,7,1,10.0,10.29,11.05,11.68,NORMAL,False
CHIP-26-01-073,LOT-2026-01,iddq,7,2,10.11,10.38,11.32,12.17,NORMAL,False
CHIP-26-01-074,LOT-2026-01,iddq,7,3,9.37,9.47,9.92,10.34,NORMAL,False
CHIP-26-01-075,LOT-2026-01,iddq,7,4,10.22,10.32,10.46,10.65,NORMAL,False
CHIP-26-01-076,LOT-2026-01,iddq,7,5,9.27,9.62,10.3,10.97,NORMAL,False
CHIP-26-01-077,LOT-2026-01,iddq,7,6,10.14,10.31,10.83,11.38,NORMAL,False
CHIP-26-01-078,LOT-2026-01,iddq,7,7,10.2,10.31,10.39,10.43,NORMAL,False
CHIP-26-01-079,LOT-2026-01,iddq,7,8,9.75,9.97,10.48,11.27,NORMAL,False
CHIP-26-01-080,LOT-2026-01,iddq,7,9,9.89,10.05,10.53,10.88,NORMAL,False
CHIP-26-01-081,LOT-2026-01,iddq,8,0,10.18,10.54,11.22,11.89,NORMAL,False
CHIP-26-01-082,LOT-2026-01,iddq,8,1,9.88,10.18,10.99,11.75,NORMAL,False
CHIP-26-01-083,LOT-2026-01,iddq,8,2,10.03,10.27,11.25,12.05,NORMAL,False
CHIP-26-01-084,LOT-2026-01,iddq,8,3,9.85,10.14,10.78,11.33,NORMAL,False
CHIP-26-01-085,LOT-2026-01,iddq,8,4,10.77,10.84,11.15,11.32,NORMAL,False
CHIP-26-01-086,LOT-2026-01,iddq,8,5,10.36,10.34,10.56,10.93,NORMAL,False
CHIP-26-01-087,LOT-2026-01,iddq,8,6,10.33,10.51,11.17,11.89,NORMAL,False
CHIP-26-01-088,LOT-2026-01,iddq,8,7,10.25,10.5,11.32,11.96,NORMAL,False
CHIP-26-01-089,LOT-2026-01,iddq,8,8,9.4,9.75,10.57,11.36,NORMAL,False
CHIP-26-01-090,LOT-2026-01,iddq,8,9,9.14,9.21,9.53,9.84,NORMAL,False
CHIP-26-01-091,LOT-2026-01,iddq,9,0,9.84,10.03,10.37,10.85,NORMAL,False
CHIP-26-01-092,LOT-2026-01,iddq,9,1,10.37,10.58,10.99,11.28,NORMAL,False
CHIP-26-01-093,LOT-2026-01,iddq,9,2,10.54,10.72,11.23,11.81,NORMAL,False
CHIP-26-01-094,LOT-2026-01,iddq,9,3,10.36,10.51,10.97,11.5,NORMAL,False
CHIP-26-01-095,LOT-2026-01,iddq,9,4,9.66,9.78,9.87,10.23,NORMAL,False
CHIP-26-01-096,LOT-2026-01,iddq,9,5,10.31,10.43,10.93,11.29,NORMAL,False
CHIP-26-01-097,LOT-2026-01,iddq,9,6,10.57,10.76,11.49,12.26,NORMAL,False
CHIP-26-01-098,LOT-2026-01,iddq,9,7,9.9,10.1,10.74,11.5,NORMAL,False
CHIP-26-01-099,LOT-2026-01,iddq,9,8,9.54,9.64,9.74,9.97,NORMAL,False
CHIP-26-01-100,LOT-2026-01,iddq,9,9,10.26,10.41,10.79,11.28,NORMAL,False
CHIP-26-02-001,LOT-2026-02,iddq,0,0,56.42,58.67,64.53,73.71,HARD_FAIL,True
CHIP-26-02-002,LOT-2026-02,iddq,0,1,56.07,58.6,63.93,75.84,HARD_FAIL,True
CHIP-26-02-003,LOT-2026-02,iddq,0,2,56.75,60.94,70.48,85.84,HARD_FAIL,True
CHIP-26-02-004,LOT-2026-02,iddq,0,3,52.9,59.7,70.61,76.84,HARD_FAIL,True
CHIP-26-02-005,LOT-2026-02,iddq,0,4,10.21,12.26,20.25,30.08,LATENT_DRIFT,True
CHIP-26-02-006,LOT-2026-02,iddq,0,5,10.17,12.15,19.86,29.35,LATENT_DRIFT,True
CHIP-26-02-007,LOT-2026-02,iddq,0,6,10.06,11.58,17.53,24.85,LATENT_DRIFT,True
CHIP-26-02-008,LOT-2026-02,iddq,0,7,10.05,11.71,18.19,26.16,LATENT_DRIFT,True
CHIP-26-02-009,LOT-2026-02,iddq,0,8,9.72,11.36,17.74,25.59,LATENT_DRIFT,True
CHIP-26-02-010,LOT-2026-02,iddq,0,9,10.73,12.71,20.42,29.91,LATENT_DRIFT,True
CHIP-26-02-011,LOT-2026-02,iddq,1,0,10.45,10.64,11.05,11.52,NORMAL,False
CHIP-26-02-012,LOT-2026-02,iddq,1,1,10.78,10.76,11.0,11.14,NORMAL,False
CHIP-26-02-013,LOT-2026-02,iddq,1,2,10.02,10.04,10.28,10.58,NORMAL,False
CHIP-26-02-014,LOT-2026-02,iddq,1,3,10.62,10.82,11.3,11.67,NORMAL,False
CHIP-26-02-015,LOT-2026-02,iddq,1,4,10.78,10.96,11.36,11.7,NORMAL,False
CHIP-26-02-016,LOT-2026-02,iddq,1,5,10.74,10.86,11.28,11.84,NORMAL,False
CHIP-26-02-017,LOT-2026-02,iddq,1,6,10.02,10.09,10.29,10.49,NORMAL,False
CHIP-26-02-018,LOT-2026-02,iddq,1,7,9.37,9.69,10.48,11.16,NORMAL,False
CHIP-26-02-019,LOT-2026-02,iddq,1,8,10.05,10.18,10.48,10.74,NORMAL,False
CHIP-26-02-020,LOT-2026-02,iddq,1,9,10.97,11.17,11.45,11.82,NORMAL,False
CHIP-26-02-021,LOT-2026-02,iddq,2,0,9.98,10.06,10.51,10.94,NORMAL,False
CHIP-26-02-022,LOT-2026-02,iddq,2,1,9.72,9.95,10.48,10.87,NORMAL,False
CHIP-26-02-023,LOT-2026-02,iddq,2,2,10.02,10.15,10.47,10.89,NORMAL,False
CHIP-26-02-024,LOT-2026-02,iddq,2,3,10.64,10.87,11.22,11.66,NORMAL,False
CHIP-26-02-025,LOT-2026-02,iddq,2,4,10.45,10.69,11.41,12.09,NORMAL,False
CHIP-26-02-026,LOT-2026-02,iddq,2,5,10.42,10.75,11.49,12.12,NORMAL,False
CHIP-26-02-027,LOT-2026-02,iddq,2,6,10.08,10.15,10.44,10.78,NORMAL,False
CHIP-26-02-028,LOT-2026-02,iddq,2,7,9.48,9.76,10.59,11.25,NORMAL,False
CHIP-26-02-029,LOT-2026-02,iddq,2,8,9.54,9.65,10.19,10.54,NORMAL,False
CHIP-26-02-030,LOT-2026-02,iddq,2,9,9.7,9.96,10.78,11.27,NORMAL,False
CHIP-26-02-031,LOT-2026-02,iddq,3,0,10.33,10.44,10.67,10.93,NORMAL,False
CHIP-26-02-032,LOT-2026-02,iddq,3,1,9.94,10.16,10.89,11.76,NORMAL,False
CHIP-26-02-033,LOT-2026-02,iddq,3,2,10.31,10.41,10.56,10.71,NORMAL,False
CHIP-26-02-034,LOT-2026-02,iddq,3,3,10.78,11.06,11.88,12.53,NORMAL,False
CHIP-26-02-035,LOT-2026-02,iddq,3,4,10.16,10.35,11.0,11.59,NORMAL,False
CHIP-26-02-036,LOT-2026-02,iddq,3,5,10.59,10.84,11.45,12.18,NORMAL,False
CHIP-26-02-037,LOT-2026-02,iddq,3,6,9.98,10.01,10.28,10.61,NORMAL,False
CHIP-26-02-038,LOT-2026-02,iddq,3,7,9.94,10.1,10.91,11.54,NORMAL,False
CHIP-26-02-039,LOT-2026-02,iddq,3,8,11.11,11.17,11.46,11.66,NORMAL,False
CHIP-26-02-040,LOT-2026-02,iddq,3,9,10.33,10.44,10.83,11.19,NORMAL,False
CHIP-26-02-041,LOT-2026-02,iddq,4,0,10.81,11.06,11.83,12.64,NORMAL,False
CHIP-26-02-042,LOT-2026-02,iddq,4,1,11.14,11.31,11.71,12.06,NORMAL,False
CHIP-26-02-043,LOT-2026-02,iddq,4,2,9.9,9.99,10.48,11.02,NORMAL,False
CHIP-26-02-044,LOT-2026-02,iddq,4,3,10.69,10.81,11.24,11.51,NORMAL,False
CHIP-26-02-045,LOT-2026-02,iddq,4,4,10.16,10.31,10.85,11.29,NORMAL,False
CHIP-26-02-046,LOT-2026-02,iddq,4,5,10.63,10.74,11.29,11.72,NORMAL,False
CHIP-26-02-047,LOT-2026-02,iddq,4,6,11.15,11.22,11.34,11.58,NORMAL,False
CHIP-26-02-048,LOT-2026-02,iddq,4,7,10.21,10.31,10.57,10.77,NORMAL,False
CHIP-26-02-049,LOT-2026-02,iddq,4,8,10.0,10.24,11.02,11.39,NORMAL,False
CHIP-26-02-050,LOT-2026-02,iddq,4,9,9.52,9.64,10.13,10.59,NORMAL,False
CHIP-26-02-051,LOT-2026-02,iddq,5,0,9.76,9.92,10.47,11.01,NORMAL,False
CHIP-26-02-052,LOT-2026-02,iddq,5,1,10.42,10.59,11.24,11.68,NORMAL,False
CHIP-26-02-053,LOT-2026-02,iddq,5,2,10.07,10.3,10.86,11.39,NORMAL,False
CHIP-26-02-054,LOT-2026-02,iddq,5,3,10.53,10.74,11.43,12.23,NORMAL,False
CHIP-26-02-055,LOT-2026-02,iddq,5,4,9.87,10.02,10.22,10.72,NORMAL,False
CHIP-26-02-056,LOT-2026-02,iddq,5,5,9.82,9.92,10.19,10.63,NORMAL,False
CHIP-26-02-057,LOT-2026-02,iddq,5,6,9.8,10.07,10.44,10.87,NORMAL,False
CHIP-26-02-058,LOT-2026-02,iddq,5,7,10.59,10.83,11.48,12.12,NORMAL,False
CHIP-26-02-059,LOT-2026-02,iddq,5,8,10.36,10.47,10.99,11.49,NORMAL,False
CHIP-26-02-060,LOT-2026-02,iddq,5,9,9.8,9.92,10.26,10.47,NORMAL,False
CHIP-26-02-061,LOT-2026-02,iddq,6,0,10.39,10.51,11.05,11.65,NORMAL,False
CHIP-26-02-062,LOT-2026-02,iddq,6,1,10.82,11.11,11.55,11.98,NORMAL,False
CHIP-26-02-063,LOT-2026-02,iddq,6,2,10.03,10.12,10.34,10.6,NORMAL,False
CHIP-26-02-064,LOT-2026-02,iddq,6,3,9.75,9.92,10.25,10.5,NORMAL,False
CHIP-26-02-065,LOT-2026-02,iddq,6,4,9.91,10.15,10.84,11.31,NORMAL,False
CHIP-26-02-066,LOT-2026-02,iddq,6,5,10.28,10.39,10.63,10.91,NORMAL,False
CHIP-26-02-067,LOT-2026-02,iddq,6,6,11.15,11.27,11.61,11.98,NORMAL,False
CHIP-26-02-068,LOT-2026-02,iddq,6,7,10.31,10.46,10.89,11.52,NORMAL,False
CHIP-26-02-069,LOT-2026-02,iddq,6,8,10.5,10.71,11.31,12.05,NORMAL,False
CHIP-26-02-070,LOT-2026-02,iddq,6,9,9.63,9.76,9.95,10.2,NORMAL,False
CHIP-26-02-071,LOT-2026-02,iddq,7,0,10.31,10.5,11.3,12.06,NORMAL,False
CHIP-26-02-072,LOT-2026-02,iddq,7,1,10.7,11.0,11.71,12.22,NORMAL,False
CHIP-26-02-073,LOT-2026-02,iddq,7,2,10.4,10.5,10.83,11.09,NORMAL,False
CHIP-26-02-074,LOT-2026-02,iddq,7,3,10.41,10.68,11.48,12.31,NORMAL,False
CHIP-26-02-075,LOT-2026-02,iddq,7,4,10.26,10.39,10.63,11.02,NORMAL,False
CHIP-26-02-076,LOT-2026-02,iddq,7,5,9.89,10.18,10.8,11.36,NORMAL,False
CHIP-26-02-077,LOT-2026-02,iddq,7,6,10.76,10.89,11.31,11.67,NORMAL,False
CHIP-26-02-078,LOT-2026-02,iddq,7,7,9.78,9.86,10.02,10.27,NORMAL,False
CHIP-26-02-079,LOT-2026-02,iddq,7,8,10.07,10.3,10.84,11.31,NORMAL,False
CHIP-26-02-080,LOT-2026-02,iddq,7,9,9.66,9.8,10.41,10.99,NORMAL,False
CHIP-26-02-081,LOT-2026-02,iddq,8,0,9.78,9.85,10.03,10.23,NORMAL,False
CHIP-26-02-082,LOT-2026-02,iddq,8,1,9.88,10.19,11.06,11.78,NORMAL,False
CHIP-26-02-083,LOT-2026-02,iddq,8,2,10.23,10.46,11.11,11.8,NORMAL,False
CHIP-26-02-084,LOT-2026-02,iddq,8,3,9.7,9.79,10.0,10.19,NORMAL,False
CHIP-26-02-085,LOT-2026-02,iddq,8,4,10.03,10.15,10.3,10.35,NORMAL,False
CHIP-26-02-086,LOT-2026-02,iddq,8,5,10.53,10.67,10.87,11.16,NORMAL,False
CHIP-26-02-087,LOT-2026-02,iddq,8,6,10.32,10.43,10.91,11.44,NORMAL,False
CHIP-26-02-088,LOT-2026-02,iddq,8,7,10.12,10.23,10.48,10.73,NORMAL,False
CHIP-26-02-089,LOT-2026-02,iddq,8,8,10.48,10.65,10.71,10.77,NORMAL,False
CHIP-26-02-090,LOT-2026-02,iddq,8,9,10.56,10.68,11.11,11.58,NORMAL,False
CHIP-26-02-091,LOT-2026-02,iddq,9,0,10.24,10.46,11.02,11.5,NORMAL,False
CHIP-26-02-092,LOT-2026-02,iddq,9,1,10.71,10.84,11.41,11.87,NORMAL,False
CHIP-26-02-093,LOT-2026-02,iddq,9,2,10.46,10.77,11.52,12.27,NORMAL,False
CHIP-26-02-094,LOT-2026-02,iddq,9,3,10.43,10.68,11.39,12.03,NORMAL,False
CHIP-26-02-095,LOT-2026-02,iddq,9,4,10.19,10.33,10.64,11.04,NORMAL,False
CHIP-26-02-096,LOT-2026-02,iddq,9,5,10.4,10.59,11.09,11.55,NORMAL,False
CHIP-26-02-097,LOT-2026-02,iddq,9,6,9.77,10.01,10.7,11.26,NORMAL,False
CHIP-26-02-098,LOT-2026-02,iddq,9,7,10.34,10.5,11.0,11.51,NORMAL,False
CHIP-26-02-099,LOT-2026-02,iddq,9,8,10.46,10.54,10.76,11.0,NORMAL,False
CHIP-26-02-100,LOT-2026-02,iddq,9,9,10.18,10.38,11.01,11.53,NORMAL,False
CHIP-26-03-001,LOT-2026-03,iddq,0,0,59.96,65.69,70.19,88.26,HARD_FAIL,True
CHIP-26-03-002,LOT-2026-03,iddq,0,1,74.39,82.2,94.45,101.4,HARD_FAIL,True
CHIP-26-03-003,LOT-2026-03,iddq,0,2,69.44,71.59,75.83,85.68,HARD_FAIL,True
CHIP-26-03-004,LOT-2026-03,iddq,0,3,63.24,69.86,81.38,93.07,HARD_FAIL,True
CHIP-26-03-005,LOT-2026-03,iddq,0,4,9.99,11.27,16.25,22.38,LATENT_DRIFT,True
CHIP-26-03-006,LOT-2026-03,iddq,0,5,9.73,11.76,19.69,29.45,LATENT_DRIFT,True
CHIP-26-03-007,LOT-2026-03,iddq,0,6,10.14,11.32,15.92,21.58,LATENT_DRIFT,True
CHIP-26-03-008,LOT-2026-03,iddq,0,7,10.75,12.65,20.05,29.15,LATENT_DRIFT,True
CHIP-26-03-009,LOT-2026-03,iddq,0,8,10.05,12.27,20.93,31.59,LATENT_DRIFT,True
CHIP-26-03-010,LOT-2026-03,iddq,0,9,10.81,12.07,16.99,23.04,LATENT_DRIFT,True
CHIP-26-03-011,LOT-2026-03,iddq,1,0,10.73,10.87,11.2,11.77,NORMAL,False
CHIP-26-03-012,LOT-2026-03,iddq,1,1,10.81,10.9,11.09,11.51,NORMAL,False
CHIP-26-03-013,LOT-2026-03,iddq,1,2,10.47,10.81,11.63,12.36,NORMAL,False
CHIP-26-03-014,LOT-2026-03,iddq,1,3,10.75,11.04,11.81,12.62,NORMAL,False
CHIP-26-03-015,LOT-2026-03,iddq,1,4,10.57,10.84,11.44,12.08,NORMAL,False
CHIP-26-03-016,LOT-2026-03,iddq,1,5,10.63,10.74,11.17,11.44,NORMAL,False
CHIP-26-03-017,LOT-2026-03,iddq,1,6,10.54,10.62,10.89,11.29,NORMAL,False
CHIP-26-03-018,LOT-2026-03,iddq,1,7,10.4,10.46,10.61,10.54,NORMAL,False
CHIP-26-03-019,LOT-2026-03,iddq,1,8,9.95,10.2,10.84,11.47,NORMAL,False
CHIP-26-03-020,LOT-2026-03,iddq,1,9,10.49,10.53,10.74,10.82,NORMAL,False
CHIP-26-03-021,LOT-2026-03,iddq,2,0,11.03,11.26,11.71,12.21,NORMAL,False
CHIP-26-03-022,LOT-2026-03,iddq,2,1,10.41,10.47,10.58,10.73,NORMAL,False
CHIP-26-03-023,LOT-2026-03,iddq,2,2,11.13,11.4,12.04,12.64,NORMAL,False
CHIP-26-03-024,LOT-2026-03,iddq,2,3,10.6,10.78,11.4,11.92,NORMAL,False
CHIP-26-03-025,LOT-2026-03,iddq,2,4,10.74,10.98,11.56,12.26,NORMAL,False
CHIP-26-03-026,LOT-2026-03,iddq,2,5,10.54,10.83,11.69,12.28,NORMAL,False
CHIP-26-03-027,LOT-2026-03,iddq,2,6,11.11,11.19,11.3,11.43,NORMAL,False
CHIP-26-03-028,LOT-2026-03,iddq,2,7,10.72,10.94,11.56,12.06,NORMAL,False
CHIP-26-03-029,LOT-2026-03,iddq,2,8,10.51,10.61,10.84,11.12,NORMAL,False
CHIP-26-03-030,LOT-2026-03,iddq,2,9,10.88,11.1,11.7,12.46,NORMAL,False
CHIP-26-03-031,LOT-2026-03,iddq,3,0,10.07,10.28,10.97,11.94,NORMAL,False
CHIP-26-03-032,LOT-2026-03,iddq,3,1,10.46,10.81,11.53,12.31,NORMAL,False
CHIP-26-03-033,LOT-2026-03,iddq,3,2,10.73,10.92,11.72,12.32,NORMAL,False
CHIP-26-03-034,LOT-2026-03,iddq,3,3,10.98,11.1,11.37,11.61,NORMAL,False
CHIP-26-03-035,LOT-2026-03,iddq,3,4,10.31,10.56,11.39,12.12,NORMAL,False
CHIP-26-03-036,LOT-2026-03,iddq,3,5,9.92,10.17,10.96,11.37,NORMAL,False
CHIP-26-03-037,LOT-2026-03,iddq,3,6,10.9,10.9,11.18,11.41,NORMAL,False
CHIP-26-03-038,LOT-2026-03,iddq,3,7,10.78,10.84,11.16,11.53,NORMAL,False
CHIP-26-03-039,LOT-2026-03,iddq,3,8,10.48,10.61,10.74,11.05,NORMAL,False
CHIP-26-03-040,LOT-2026-03,iddq,3,9,10.41,10.58,11.01,11.39,NORMAL,False
CHIP-26-03-041,LOT-2026-03,iddq,4,0,10.38,10.42,10.65,10.93,NORMAL,False
CHIP-26-03-042,LOT-2026-03,iddq,4,1,10.93,11.17,11.94,12.62,NORMAL,False
CHIP-26-03-043,LOT-2026-03,iddq,4,2,10.41,10.51,10.84,11.08,NORMAL,False
CHIP-26-03-044,LOT-2026-03,iddq,4,3,10.45,10.67,11.45,11.98,NORMAL,False
CHIP-26-03-045,LOT-2026-03,iddq,4,4,10.82,10.99,11.27,11.99,NORMAL,False
CHIP-26-03-046,LOT-2026-03,iddq,4,5,10.2,10.28,10.53,10.58,NORMAL,False
CHIP-26-03-047,LOT-2026-03,iddq,4,6,10.71,10.94,11.76,12.45,NORMAL,False
CHIP-26-03-048,LOT-2026-03,iddq,4,7,10.88,10.96,11.29,11.58,NORMAL,False
CHIP-26-03-049,LOT-2026-03,iddq,4,8,10.55,10.74,11.29,11.77,NORMAL,False
CHIP-26-03-050,LOT-2026-03,iddq,4,9,10.34,10.61,11.47,12.32,NORMAL,False
CHIP-26-03-051,LOT-2026-03,iddq,5,0,10.72,10.81,11.15,11.56,NORMAL,False
CHIP-26-03-052,LOT-2026-03,iddq,5,1,10.85,11.07,11.87,12.55,NORMAL,False
CHIP-26-03-053,LOT-2026-03,iddq,5,2,10.41,10.58,11.02,11.42,NORMAL,False
CHIP-26-03-054,LOT-2026-03,iddq,5,3,10.75,10.93,11.35,11.77,NORMAL,False
CHIP-26-03-055,LOT-2026-03,iddq,5,4,10.44,10.57,10.83,11.01,NORMAL,False
CHIP-26-03-056,LOT-2026-03,iddq,5,5,10.19,10.42,10.81,11.1,NORMAL,False
CHIP-26-03-057,LOT-2026-03,iddq,5,6,11.07,11.32,11.7,12.16,NORMAL,False
CHIP-26-03-058,LOT-2026-03,iddq,5,7,10.52,10.74,11.09,11.37,NORMAL,False
CHIP-26-03-059,LOT-2026-03,iddq,5,8,10.86,11.18,11.79,12.37,NORMAL,False
CHIP-26-03-060,LOT-2026-03,iddq,5,9,10.41,10.7,11.41,12.11,NORMAL,False
CHIP-26-03-061,LOT-2026-03,iddq,6,0,9.91,10.02,10.43,10.68,NORMAL,False
CHIP-26-03-062,LOT-2026-03,iddq,6,1,9.83,10.04,10.52,11.14,NORMAL,False
CHIP-26-03-063,LOT-2026-03,iddq,6,2,10.16,10.24,10.42,10.72,NORMAL,False
CHIP-26-03-064,LOT-2026-03,iddq,6,3,11.15,11.23,11.31,11.55,NORMAL,False
CHIP-26-03-065,LOT-2026-03,iddq,6,4,10.49,10.76,11.4,12.06,NORMAL,False
CHIP-26-03-066,LOT-2026-03,iddq,6,5,10.67,10.87,11.42,11.94,NORMAL,False
CHIP-26-03-067,LOT-2026-03,iddq,6,6,10.25,10.41,11.06,11.56,NORMAL,False
CHIP-26-03-068,LOT-2026-03,iddq,6,7,10.4,10.54,10.78,11.15,NORMAL,False
CHIP-26-03-069,LOT-2026-03,iddq,6,8,10.4,10.67,11.28,11.76,NORMAL,False
CHIP-26-03-070,LOT-2026-03,iddq,6,9,11.28,11.31,11.61,11.89,NORMAL,False
CHIP-26-03-071,LOT-2026-03,iddq,7,0,10.44,10.49,10.74,11.05,NORMAL,False
CHIP-26-03-072,LOT-2026-03,iddq,7,1,9.96,10.12,10.52,11.16,NORMAL,False
CHIP-26-03-073,LOT-2026-03,iddq,7,2,10.22,10.45,10.96,11.48,NORMAL,False
CHIP-26-03-074,LOT-2026-03,iddq,7,3,10.61,10.77,11.27,11.75,NORMAL,False
CHIP-26-03-075,LOT-2026-03,iddq,7,4,10.3,10.35,10.59,10.85,NORMAL,False
CHIP-26-03-076,LOT-2026-03,iddq,7,5,10.23,10.47,11.17,11.66,NORMAL,False
CHIP-26-03-077,LOT-2026-03,iddq,7,6,10.62,10.84,11.25,11.6,NORMAL,False
CHIP-26-03-078,LOT-2026-03,iddq,7,7,10.74,11.06,11.64,12.24,NORMAL,False
CHIP-26-03-079,LOT-2026-03,iddq,7,8,10.7,10.79,10.97,11.28,NORMAL,False
CHIP-26-03-080,LOT-2026-03,iddq,7,9,10.18,10.34,10.73,11.28,NORMAL,False
CHIP-26-03-081,LOT-2026-03,iddq,8,0,10.88,11.18,11.91,12.5,NORMAL,False
CHIP-26-03-082,LOT-2026-03,iddq,8,1,10.53,10.82,11.72,12.43,NORMAL,False
CHIP-26-03-083,LOT-2026-03,iddq,8,2,10.57,10.63,10.89,11.16,NORMAL,False
CHIP-26-03-084,LOT-2026-03,iddq,8,3,10.13,10.22,10.46,10.87,NORMAL,False
CHIP-26-03-085,LOT-2026-03,iddq,8,4,10.11,10.19,10.8,11.32,NORMAL,False
CHIP-26-03-086,LOT-2026-03,iddq,8,5,10.59,10.84,11.57,12.24,NORMAL,False
CHIP-26-03-087,LOT-2026-03,iddq,8,6,10.82,11.06,11.84,12.59,NORMAL,False
CHIP-26-03-088,LOT-2026-03,iddq,8,7,10.32,10.45,10.91,11.21,NORMAL,False
CHIP-26-03-089,LOT-2026-03,iddq,8,8,10.51,10.71,11.27,11.83,NORMAL,False
CHIP-26-03-090,LOT-2026-03,iddq,8,9,11.36,11.58,12.24,12.73,NORMAL,False
CHIP-26-03-091,LOT-2026-03,iddq,9,0,10.13,10.25,10.68,11.05,NORMAL,False
CHIP-26-03-092,LOT-2026-03,iddq,9,1,9.87,10.01,10.42,10.86,NORMAL,False
CHIP-26-03-093,LOT-2026-03,iddq,9,2,10.08,10.31,10.79,11.36,NORMAL,False
CHIP-26-03-094,LOT-2026-03,iddq,9,3,10.26,10.54,11.37,12.11,NORMAL,False
CHIP-26-03-095,LOT-2026-03,iddq,9,4,10.29,10.49,11.1,11.61,NORMAL,False
CHIP-26-03-096,LOT-2026-03,iddq,9,5,9.96,10.2,10.56,11.19,NORMAL,False
CHIP-26-03-097,LOT-2026-03,iddq,9,6,10.02,10.15,10.63,10.97,NORMAL,False
CHIP-26-03-098,LOT-2026-03,iddq,9,7,10.81,10.9,11.0,10.88,NORMAL,False
CHIP-26-03-099,LOT-2026-03,iddq,9,8,10.31,10.51,10.93,11.4,NORMAL,False
CHIP-26-03-100,LOT-2026-03,iddq,9,9,9.81,10.16,10.87,11.45,NORMAL,False
CHIP-26-04-001,LOT-2026-04,iddq,0,0,55.45,59.4,71.51,83.65,HARD_FAIL,True
CHIP-26-04-002,LOT-2026-04,iddq,0,1,60.65,65.02,74.07,90.85,HARD_FAIL,True
CHIP-26-04-003,LOT-2026-04,iddq,0,2,72.52,80.25,92.91,102.64,HARD_FAIL,True
CHIP-26-04-004,LOT-2026-04,iddq,0,3,67.83,72.46,79.26,96.87,HARD_FAIL,True
CHIP-26-04-005,LOT-2026-04,iddq,0,4,11.51,13.38,20.68,29.66,LATENT_DRIFT,True
CHIP-26-04-006,LOT-2026-04,iddq,0,5,10.54,12.69,21.09,31.43,LATENT_DRIFT,True
CHIP-26-04-007,LOT-2026-04,iddq,0,6,11.21,12.37,16.89,22.46,LATENT_DRIFT,True
CHIP-26-04-008,LOT-2026-04,iddq,0,7,11.3,13.0,19.64,27.81,LATENT_DRIFT,True
CHIP-26-04-009,LOT-2026-04,iddq,0,8,10.91,12.6,19.21,27.34,LATENT_DRIFT,True
CHIP-26-04-010,LOT-2026-04,iddq,0,9,10.51,12.41,19.81,28.91,LATENT_DRIFT,True
CHIP-26-04-011,LOT-2026-04,iddq,1,0,10.62,10.69,10.81,11.12,NORMAL,False
CHIP-26-04-012,LOT-2026-04,iddq,1,1,10.41,10.58,11.16,11.85,NORMAL,False
CHIP-26-04-013,LOT-2026-04,iddq,1,2,11.16,11.31,11.68,12.11,NORMAL,False
CHIP-26-04-014,LOT-2026-04,iddq,1,3,10.31,10.36,10.69,10.95,NORMAL,False
CHIP-26-04-015,LOT-2026-04,iddq,1,4,10.91,11.08,11.36,11.7,NORMAL,False
CHIP-26-04-016,LOT-2026-04,iddq,1,5,11.01,11.25,11.81,12.28,NORMAL,False
CHIP-26-04-017,LOT-2026-04,iddq,1,6,10.38,10.44,10.92,11.35,NORMAL,False
CHIP-26-04-018,LOT-2026-04,iddq,1,7,10.58,10.66,10.96,11.3,NORMAL,False
CHIP-26-04-019,LOT-2026-04,iddq,1,8,11.05,11.28,12.07,12.68,NORMAL,False
CHIP-26-04-020,LOT-2026-04,iddq,1,9,11.17,11.39,12.08,12.8,NORMAL,False
CHIP-26-04-021,LOT-2026-04,iddq,2,0,10.81,11.03,11.83,12.59,NORMAL,False
CHIP-26-04-022,LOT-2026-04,iddq,2,1,11.03,11.16,11.54,11.81,NORMAL,False
CHIP-26-04-023,LOT-2026-04,iddq,2,2,10.86,11.13,11.52,12.04,NORMAL,False
CHIP-26-04-024,LOT-2026-04,iddq,2,3,11.38,11.67,12.51,13.27,NORMAL,False
CHIP-26-04-025,LOT-2026-04,iddq,2,4,10.7,10.69,10.9,10.94,NORMAL,False
CHIP-26-04-026,LOT-2026-04,iddq,2,5,11.2,11.28,11.69,11.99,NORMAL,False
CHIP-26-04-027,LOT-2026-04,iddq,2,6,10.33,10.49,10.89,11.4,NORMAL,False
CHIP-26-04-028,LOT-2026-04,iddq,2,7,10.24,10.27,10.57,10.76,NORMAL,False
CHIP-26-04-029,LOT-2026-04,iddq,2,8,11.35,11.59,12.2,13.05,NORMAL,False
CHIP-26-04-030,LOT-2026-04,iddq,2,9,11.34,11.35,11.37,11.63,NORMAL,False
CHIP-26-04-031,LOT-2026-04,iddq,3,0,10.56,10.89,11.48,11.96,NORMAL,False
CHIP-26-04-032,LOT-2026-04,iddq,3,1,11.4,11.69,12.32,12.9,NORMAL,False
CHIP-26-04-033,LOT-2026-04,iddq,3,2,11.02,11.16,11.73,12.12,NORMAL,False
CHIP-26-04-034,LOT-2026-04,iddq,3,3,11.08,11.29,11.69,12.14,NORMAL,False
CHIP-26-04-035,LOT-2026-04,iddq,3,4,10.5,10.48,10.72,10.77,NORMAL,False
CHIP-26-04-036,LOT-2026-04,iddq,3,5,10.82,11.0,11.52,11.98,NORMAL,False
CHIP-26-04-037,LOT-2026-04,iddq,3,6,10.67,10.87,11.68,12.16,NORMAL,False
CHIP-26-04-038,LOT-2026-04,iddq,3,7,10.31,10.46,10.86,11.05,NORMAL,False
CHIP-26-04-039,LOT-2026-04,iddq,3,8,10.86,10.96,11.36,11.64,NORMAL,False
CHIP-26-04-040,LOT-2026-04,iddq,3,9,10.62,10.88,11.47,11.83,NORMAL,False
CHIP-26-04-041,LOT-2026-04,iddq,4,0,10.74,10.98,11.49,11.98,NORMAL,False
CHIP-LOT04-042,LOT-2026-04,iddq,4,1,10.2,11.1,14.8,28.5,LATENT_DRIFT,True
CHIP-26-04-043,LOT-2026-04,iddq,4,2,10.87,10.9,11.19,11.53,NORMAL,False
CHIP-26-04-044,LOT-2026-04,iddq,4,3,10.71,10.81,11.15,11.43,NORMAL,False
CHIP-26-04-045,LOT-2026-04,iddq,4,4,10.46,10.64,11.42,12.01,NORMAL,False
CHIP-26-04-046,LOT-2026-04,iddq,4,5,10.74,10.76,10.93,10.97,NORMAL,False
CHIP-26-04-047,LOT-2026-04,iddq,4,6,10.13,10.34,11.1,11.86,NORMAL,False
CHIP-26-04-048,LOT-2026-04,iddq,4,7,10.2,10.4,10.95,11.61,NORMAL,False
CHIP-26-04-049,LOT-2026-04,iddq,4,8,10.28,10.68,11.35,12.23,NORMAL,False
CHIP-26-04-050,LOT-2026-04,iddq,4,9,10.49,10.7,11.5,12.45,NORMAL,False
CHIP-26-04-051,LOT-2026-04,iddq,5,0,10.65,10.88,11.43,12.03,NORMAL,False
CHIP-26-04-052,LOT-2026-04,iddq,5,1,10.37,10.31,10.52,10.96,NORMAL,False
CHIP-26-04-053,LOT-2026-04,iddq,5,2,11.37,11.5,12.01,12.42,NORMAL,False
CHIP-26-04-054,LOT-2026-04,iddq,5,3,10.69,10.82,10.94,11.16,NORMAL,False
CHIP-26-04-055,LOT-2026-04,iddq,5,4,10.5,10.6,10.97,11.48,NORMAL,False
CHIP-26-04-056,LOT-2026-04,iddq,5,5,10.86,11.11,11.82,12.57,NORMAL,False
CHIP-26-04-057,LOT-2026-04,iddq,5,6,10.86,11.09,11.83,12.45,NORMAL,False
CHIP-26-04-058,LOT-2026-04,iddq,5,7,10.69,10.92,11.21,11.46,NORMAL,False
CHIP-26-04-059,LOT-2026-04,iddq,5,8,11.21,11.46,12.27,12.88,NORMAL,False
CHIP-26-04-060,LOT-2026-04,iddq,5,9,11.07,11.22,11.85,12.41,NORMAL,False
CHIP-26-04-061,LOT-2026-04,iddq,6,0,11.02,11.19,11.73,12.12,NORMAL,False
CHIP-26-04-062,LOT-2026-04,iddq,6,1,10.52,10.83,11.53,12.26,NORMAL,False
CHIP-26-04-063,LOT-2026-04,iddq,6,2,10.56,10.8,11.47,12.22,NORMAL,False
CHIP-26-04-064,LOT-2026-04,iddq,6,3,11.47,11.48,11.69,11.9,NORMAL,False
CHIP-26-04-065,LOT-2026-04,iddq,6,4,10.93,11.08,11.42,11.86,NORMAL,False
CHIP-26-04-066,LOT-2026-04,iddq,6,5,10.68,10.82,11.07,11.28,NORMAL,False
CHIP-26-04-067,LOT-2026-04,iddq,6,6,11.38,11.65,12.41,13.08,NORMAL,False
CHIP-26-04-068,LOT-2026-04,iddq,6,7,10.87,11.1,11.94,12.64,NORMAL,False
CHIP-26-04-069,LOT-2026-04,iddq,6,8,10.64,10.79,11.32,11.92,NORMAL,False
CHIP-26-04-070,LOT-2026-04,iddq,6,9,11.2,11.33,11.74,12.0,NORMAL,False
CHIP-26-04-071,LOT-2026-04,iddq,7,0,10.55,10.66,11.16,11.48,NORMAL,False
CHIP-26-04-072,LOT-2026-04,iddq,7,1,11.18,11.39,11.76,12.24,NORMAL,False
CHIP-26-04-073,LOT-2026-04,iddq,7,2,10.76,10.85,10.98,11.31,NORMAL,False
CHIP-26-04-074,LOT-2026-04,iddq,7,3,10.59,10.69,10.91,11.21,NORMAL,False
CHIP-26-04-075,LOT-2026-04,iddq,7,4,10.57,10.81,11.4,12.14,NORMAL,False
CHIP-26-04-076,LOT-2026-04,iddq,7,5,10.4,10.42,10.66,10.68,NORMAL,False
CHIP-26-04-077,LOT-2026-04,iddq,7,6,11.0,11.24,11.86,12.4,NORMAL,False
CHIP-26-04-078,LOT-2026-04,iddq,7,7,10.99,11.16,11.24,11.21,NORMAL,False
CHIP-26-04-079,LOT-2026-04,iddq,7,8,10.8,10.99,11.34,11.71,NORMAL,False
CHIP-26-04-080,LOT-2026-04,iddq,7,9,10.87,10.99,11.28,11.67,NORMAL,False
CHIP-26-04-081,LOT-2026-04,iddq,8,0,10.82,11.08,11.69,12.45,NORMAL,False
CHIP-26-04-082,LOT-2026-04,iddq,8,1,10.56,10.86,11.62,12.25,NORMAL,False
CHIP-26-04-083,LOT-2026-04,iddq,8,2,10.43,10.54,10.84,11.1,NORMAL,False
CHIP-26-04-084,LOT-2026-04,iddq,8,3,11.03,11.07,11.49,11.73,NORMAL,False
CHIP-26-04-085,LOT-2026-04,iddq,8,4,10.9,11.14,11.67,12.17,NORMAL,False
CHIP-26-04-086,LOT-2026-04,iddq,8,5,10.77,10.89,11.1,11.39,NORMAL,False
CHIP-26-04-087,LOT-2026-04,iddq,8,6,10.84,11.12,11.84,12.61,NORMAL,False
CHIP-26-04-088,LOT-2026-04,iddq,8,7,9.8,9.96,10.43,10.73,NORMAL,False
CHIP-26-04-089,LOT-2026-04,iddq,8,8,11.06,11.23,11.8,12.35,NORMAL,False
CHIP-26-04-090,LOT-2026-04,iddq,8,9,11.32,11.46,11.68,11.97,NORMAL,False
CHIP-26-04-091,LOT-2026-04,iddq,9,0,10.66,10.74,11.33,11.94,NORMAL,False
CHIP-26-04-092,LOT-2026-04,iddq,9,1,10.77,11.05,11.61,12.13,NORMAL,False
CHIP-26-04-093,LOT-2026-04,iddq,9,2,10.6,10.55,10.68,10.77,NORMAL,False
CHIP-26-04-094,LOT-2026-04,iddq,9,3,10.26,10.45,10.93,11.39,NORMAL,False
CHIP-26-04-095,LOT-2026-04,iddq,9,4,10.68,10.73,10.85,10.91,NORMAL,False
CHIP-26-04-096,LOT-2026-04,iddq,9,5,10.86,11.1,11.62,12.06,NORMAL,False
CHIP-26-04-097,LOT-2026-04,iddq,9,6,10.48,10.67,11.2,11.65,NORMAL,False
CHIP-26-04-098,LOT-2026-04,iddq,9,7,11.13,11.3,11.74,12.12,NORMAL,False
CHIP-26-04-099,LOT-2026-04,iddq,9,8,10.27,10.32,10.76,11.21,NORMAL,False
CHIP-26-04-100,LOT-2026-04,iddq,9,9,10.2,10.49,11.2,11.8,NORMAL,False
CHIP-26-05-001,LOT-2026-05,iddq,0,0,67.79,70.48,78.7,90.54,HARD_FAIL,True
CHIP-26-05-002,LOT-2026-05,iddq,0,1,60.49,63.22,71.83,88.1,HARD_FAIL,True
CHIP-26-05-003,LOT-2026-05,iddq,0,2,53.63,56.11,64.01,83.14,HARD_FAIL,True
CHIP-26-05-004,LOT-2026-05,iddq,0,3,67.38,73.45,81.43,95.33,HARD_FAIL,True
CHIP-26-05-005,LOT-2026-05,iddq,0,4,11.07,13.2,21.5,31.72,LATENT_DRIFT,True
CHIP-26-05-006,LOT-2026-05,iddq,0,5,11.27,13.22,20.82,30.17,LATENT_DRIFT,True
CHIP-26-05-007,LOT-2026-05,iddq,0,6,11.02,12.27,17.15,23.15,LATENT_DRIFT,True
CHIP-26-05-008,LOT-2026-05,iddq,0,7,10.74,11.83,16.1,21.35,LATENT_DRIFT,True
CHIP-26-05-009,LOT-2026-05,iddq,0,8,10.41,12.07,18.56,26.54,LATENT_DRIFT,True
CHIP-26-05-010,LOT-2026-05,iddq,0,9,10.77,12.54,19.45,27.96,LATENT_DRIFT,True
CHIP-26-05-011,LOT-2026-05,iddq,1,0,10.31,10.57,11.28,11.92,NORMAL,False
CHIP-26-05-012,LOT-2026-05,iddq,1,1,10.77,11.07,11.59,12.05,NORMAL,False
CHIP-26-05-013,LOT-2026-05,iddq,1,2,10.91,11.22,11.93,12.6,NORMAL,False
CHIP-26-05-014,LOT-2026-05,iddq,1,3,10.95,11.12,11.33,11.78,NORMAL,False
CHIP-26-05-015,LOT-2026-05,iddq,1,4,11.55,11.8,12.32,12.85,NORMAL,False
CHIP-26-05-016,LOT-2026-05,iddq,1,5,10.61,10.86,11.53,12.19,NORMAL,False
CHIP-26-05-017,LOT-2026-05,iddq,1,6,11.02,11.21,11.74,12.26,NORMAL,False
CHIP-26-05-018,LOT-2026-05,iddq,1,7,10.41,10.58,11.05,11.75,NORMAL,False
CHIP-26-05-019,LOT-2026-05,iddq,1,8,11.66,11.72,11.92,12.14,NORMAL,False
CHIP-26-05-020,LOT-2026-05,iddq,1,9,11.19,11.33,11.64,11.98,NORMAL,False
CHIP-26-05-021,LOT-2026-05,iddq,2,0,10.37,10.62,11.43,12.11,NORMAL,False
CHIP-26-05-022,LOT-2026-05,iddq,2,1,11.41,11.71,12.4,13.02,NORMAL,False
CHIP-26-05-023,LOT-2026-05,iddq,2,2,11.19,11.17,11.55,12.0,NORMAL,False
CHIP-26-05-024,LOT-2026-05,iddq,2,3,11.22,11.4,11.75,12.08,NORMAL,False
CHIP-26-05-025,LOT-2026-05,iddq,2,4,10.56,10.8,11.44,12.27,NORMAL,False
CHIP-26-05-026,LOT-2026-05,iddq,2,5,10.62,10.79,11.21,11.86,NORMAL,False
CHIP-26-05-027,LOT-2026-05,iddq,2,6,11.1,11.33,11.76,12.31,NORMAL,False
CHIP-26-05-028,LOT-2026-05,iddq,2,7,10.84,11.0,11.34,11.8,NORMAL,False
CHIP-26-05-029,LOT-2026-05,iddq,2,8,11.09,11.44,12.2,12.85,NORMAL,False
CHIP-26-05-030,LOT-2026-05,iddq,2,9,11.09,11.19,11.51,11.7,NORMAL,False
CHIP-26-05-031,LOT-2026-05,iddq,3,0,11.0,11.27,11.86,12.68,NORMAL,False
CHIP-26-05-032,LOT-2026-05,iddq,3,1,10.68,10.88,11.56,11.94,NORMAL,False
CHIP-26-05-033,LOT-2026-05,iddq,3,2,11.95,12.19,12.91,13.63,NORMAL,False
CHIP-26-05-034,LOT-2026-05,iddq,3,3,11.18,11.4,12.02,12.5,NORMAL,False
CHIP-26-05-035,LOT-2026-05,iddq,3,4,10.95,11.17,11.71,12.19,NORMAL,False
CHIP-26-05-036,LOT-2026-05,iddq,3,5,10.99,11.18,11.86,12.55,NORMAL,False
CHIP-26-05-037,LOT-2026-05,iddq,3,6,10.86,10.96,11.29,11.74,NORMAL,False
CHIP-26-05-038,LOT-2026-05,iddq,3,7,11.33,11.47,11.85,12.24,NORMAL,False
CHIP-26-05-039,LOT-2026-05,iddq,3,8,11.15,11.35,12.11,12.81,NORMAL,False
CHIP-26-05-040,LOT-2026-05,iddq,3,9,11.12,11.24,11.37,11.55,NORMAL,False
CHIP-26-05-041,LOT-2026-05,iddq,4,0,10.43,10.41,10.53,10.67,NORMAL,False
CHIP-26-05-042,LOT-2026-05,iddq,4,1,10.34,10.42,10.73,10.91,NORMAL,False
CHIP-26-05-043,LOT-2026-05,iddq,4,2,10.94,11.01,11.07,11.17,NORMAL,False
CHIP-26-05-044,LOT-2026-05,iddq,4,3,10.73,10.92,11.59,12.31,NORMAL,False
CHIP-26-05-045,LOT-2026-05,iddq,4,4,10.9,11.09,11.6,11.91,NORMAL,False
CHIP-26-05-046,LOT-2026-05,iddq,4,5,11.02,11.17,11.48,11.87,NORMAL,False
CHIP-26-05-047,LOT-2026-05,iddq,4,6,11.0,11.21,11.8,12.34,NORMAL,False
CHIP-26-05-048,LOT-2026-05,iddq,4,7,11.07,11.15,11.52,11.86,NORMAL,False
CHIP-26-05-049,LOT-2026-05,iddq,4,8,11.08,11.32,11.84,12.26,NORMAL,False
CHIP-26-05-050,LOT-2026-05,iddq,4,9,10.99,11.02,11.38,11.6,NORMAL,False
CHIP-26-05-051,LOT-2026-05,iddq,5,0,10.78,10.9,11.2,11.52,NORMAL,False
CHIP-26-05-052,LOT-2026-05,iddq,5,1,11.29,11.37,11.7,11.96,NORMAL,False
CHIP-26-05-053,LOT-2026-05,iddq,5,2,11.26,11.36,11.73,12.08,NORMAL,False
CHIP-26-05-054,LOT-2026-05,iddq,5,3,11.3,11.43,11.82,12.39,NORMAL,False
CHIP-26-05-055,LOT-2026-05,iddq,5,4,11.55,11.7,12.4,13.11,NORMAL,False
CHIP-26-05-056,LOT-2026-05,iddq,5,5,11.03,11.16,11.52,11.81,NORMAL,False
CHIP-26-05-057,LOT-2026-05,iddq,5,6,10.85,10.99,11.37,11.79,NORMAL,False
CHIP-26-05-058,LOT-2026-05,iddq,5,7,10.49,10.47,10.64,10.76,NORMAL,False
CHIP-26-05-059,LOT-2026-05,iddq,5,8,11.43,11.67,12.44,13.01,NORMAL,False
CHIP-26-05-060,LOT-2026-05,iddq,5,9,11.36,11.46,11.82,12.25,NORMAL,False
CHIP-26-05-061,LOT-2026-05,iddq,6,0,10.74,10.92,11.43,12.09,NORMAL,False
CHIP-26-05-062,LOT-2026-05,iddq,6,1,10.58,10.88,11.52,12.1,NORMAL,False
CHIP-26-05-063,LOT-2026-05,iddq,6,2,10.69,10.68,10.86,10.93,NORMAL,False
CHIP-26-05-064,LOT-2026-05,iddq,6,3,11.26,11.29,11.31,11.34,NORMAL,False
CHIP-26-05-065,LOT-2026-05,iddq,6,4,10.92,10.93,11.54,12.01,NORMAL,False
CHIP-26-05-066,LOT-2026-05,iddq,6,5,10.99,11.26,12.22,13.0,NORMAL,False
CHIP-26-05-067,LOT-2026-05,iddq,6,6,11.37,11.57,12.27,12.9,NORMAL,False
CHIP-26-05-068,LOT-2026-05,iddq,6,7,11.24,11.35,11.65,11.78,NORMAL,False
CHIP-26-05-069,LOT-2026-05,iddq,6,8,10.24,10.39,10.79,11.17,NORMAL,False
CHIP-26-05-070,LOT-2026-05,iddq,6,9,11.06,11.31,11.8,12.34,NORMAL,False
CHIP-26-05-071,LOT-2026-05,iddq,7,0,10.86,10.95,11.23,11.34,NORMAL,False
CHIP-26-05-072,LOT-2026-05,iddq,7,1,10.94,11.08,11.3,11.47,NORMAL,False
CHIP-26-05-073,LOT-2026-05,iddq,7,2,10.93,11.0,11.26,11.5,NORMAL,False
CHIP-26-05-074,LOT-2026-05,iddq,7,3,11.45,11.66,12.22,12.69,NORMAL,False
CHIP-26-05-075,LOT-2026-05,iddq,7,4,10.55,10.84,11.37,11.81,NORMAL,False
CHIP-26-05-076,LOT-2026-05,iddq,7,5,10.92,11.1,11.58,12.08,NORMAL,False
CHIP-26-05-077,LOT-2026-05,iddq,7,6,10.62,10.89,11.55,12.32,NORMAL,False
CHIP-26-05-078,LOT-2026-05,iddq,7,7,11.71,11.78,12.04,12.16,NORMAL,False
CHIP-26-05-079,LOT-2026-05,iddq,7,8,11.77,11.83,12.15,12.53,NORMAL,False
CHIP-26-05-080,LOT-2026-05,iddq,7,9,10.85,11.16,11.96,12.75,NORMAL,False
CHIP-26-05-081,LOT-2026-05,iddq,8,0,10.85,10.96,11.52,11.97,NORMAL,False
CHIP-26-05-082,LOT-2026-05,iddq,8,1,11.15,11.38,12.03,12.53,NORMAL,False
CHIP-26-05-083,LOT-2026-05,iddq,8,2,10.66,10.9,11.4,11.99,NORMAL,False
CHIP-26-05-084,LOT-2026-05,iddq,8,3,11.52,11.71,12.24,12.67,NORMAL,False
CHIP-26-05-085,LOT-2026-05,iddq,8,4,11.22,11.26,11.62,11.85,NORMAL,False
CHIP-26-05-086,LOT-2026-05,iddq,8,5,10.84,11.0,11.43,11.79,NORMAL,False
CHIP-26-05-087,LOT-2026-05,iddq,8,6,10.72,10.85,11.24,11.54,NORMAL,False
CHIP-26-05-088,LOT-2026-05,iddq,8,7,10.77,10.98,11.41,11.81,NORMAL,False
CHIP-26-05-089,LOT-2026-05,iddq,8,8,11.04,11.2,11.53,11.97,NORMAL,False
CHIP-26-05-090,LOT-2026-05,iddq,8,9,10.31,10.56,11.09,11.59,NORMAL,False
CHIP-26-05-091,LOT-2026-05,iddq,9,0,10.47,10.53,10.66,10.88,NORMAL,False
CHIP-26-05-092,LOT-2026-05,iddq,9,1,11.04,11.22,11.7,12.38,NORMAL,False
CHIP-26-05-093,LOT-2026-05,iddq,9,2,10.72,10.9,11.26,11.71,NORMAL,False
CHIP-26-05-094,LOT-2026-05,iddq,9,3,10.96,11.2,11.71,12.03,NORMAL,False
CHIP-26-05-095,LOT-2026-05,iddq,9,4,10.81,11.01,11.52,12.22,NORMAL,False
CHIP-26-05-096,LOT-2026-05,iddq,9,5,11.15,11.3,11.75,12.17,NORMAL,False
CHIP-26-05-097,LOT-2026-05,iddq,9,6,10.67,10.95,11.54,12.27,NORMAL,False
CHIP-26-05-098,LOT-2026-05,iddq,9,7,10.82,10.89,11.17,11.13,NORMAL,False
CHIP-26-05-099,LOT-2026-05,iddq,9,8,10.74,10.81,11.21,11.42,NORMAL,False
CHIP-26-05-100,LOT-2026-05,iddq,9,9,11.23,11.4,11.74,12.02,NORMAL,False
CHIP-26-06-001,LOT-2026-06,iddq,0,0,68.39,75.29,81.29,91.85,HARD_FAIL,True
CHIP-26-06-002,LOT-2026-06,iddq,0,1,72.74,79.58,94.41,110.72,HARD_FAIL,True
CHIP-26-06-003,LOT-2026-06,iddq,0,2,61.04,66.58,77.85,84.03,HARD_FAIL,True
CHIP-26-06-004,LOT-2026-06,iddq,0,3,64.52,70.78,76.62,93.33,HARD_FAIL,True
CHIP-26-06-005,LOT-2026-06,iddq,0,4,11.45,12.58,16.99,22.42,LATENT_DRIFT,True
CHIP-26-06-006,LOT-2026-06,iddq,0,5,11.29,12.69,18.14,24.85,LATENT_DRIFT,True
CHIP-26-06-007,LOT-2026-06,iddq,0,6,10.69,12.63,20.19,29.49,LATENT_DRIFT,True
CHIP-26-06-008,LOT-2026-06,iddq,0,7,11.53,13.52,21.28,30.84,LATENT_DRIFT,True
CHIP-26-06-009,LOT-2026-06,iddq,0,8,11.26,12.95,19.54,27.66,LATENT_DRIFT,True
CHIP-26-06-010,LOT-2026-06,iddq,0,9,10.92,12.44,18.38,25.69,LATENT_DRIFT,True
CHIP-26-06-011,LOT-2026-06,iddq,1,0,11.63,11.84,12.31,12.79,NORMAL,False
CHIP-26-06-012,LOT-2026-06,iddq,1,1,11.48,11.61,11.89,12.25,NORMAL,False
CHIP-26-06-013,LOT-2026-06,iddq,1,2,10.8,11.02,11.86,12.7,NORMAL,False
CHIP-26-06-014,LOT-2026-06,iddq,1,3,11.41,11.77,12.36,13.1,NORMAL,False
CHIP-26-06-015,LOT-2026-06,iddq,1,4,11.41,11.61,12.23,12.83,NORMAL,False
CHIP-26-06-016,LOT-2026-06,iddq,1,5,10.72,10.92,11.55,12.27,NORMAL,False
CHIP-26-06-017,LOT-2026-06,iddq,1,6,11.89,12.15,12.92,13.56,NORMAL,False
CHIP-26-06-018,LOT-2026-06,iddq,1,7,10.5,10.63,10.77,10.88,NORMAL,False
CHIP-26-06-019,LOT-2026-06,iddq,1,8,11.38,11.66,12.4,12.91,NORMAL,False
CHIP-26-06-020,LOT-2026-06,iddq,1,9,11.67,11.95,12.71,13.36,NORMAL,False
CHIP-26-06-021,LOT-2026-06,iddq,2,0,10.9,10.98,11.24,11.71,NORMAL,False
CHIP-26-06-022,LOT-2026-06,iddq,2,1,11.03,11.17,11.3,11.57,NORMAL,False
CHIP-26-06-023,LOT-2026-06,iddq,2,2,11.88,11.97,12.32,12.61,NORMAL,False
CHIP-26-06-024,LOT-2026-06,iddq,2,3,11.31,11.54,12.04,12.66,NORMAL,False
CHIP-26-06-025,LOT-2026-06,iddq,2,4,11.78,11.83,11.96,12.06,NORMAL,False
CHIP-26-06-026,LOT-2026-06,iddq,2,5,11.37,11.43,11.51,11.69,NORMAL,False
CHIP-26-06-027,LOT-2026-06,iddq,2,6,11.78,11.97,12.44,12.93,NORMAL,False
CHIP-26-06-028,LOT-2026-06,iddq,2,7,10.73,10.79,10.93,11.18,NORMAL,False
CHIP-26-06-029,LOT-2026-06,iddq,2,8,11.58,11.8,12.54,13.31,NORMAL,False
CHIP-26-06-030,LOT-2026-06,iddq,2,9,11.06,11.24,11.91,12.55,NORMAL,False
CHIP-26-06-031,LOT-2026-06,iddq,3,0,11.67,11.92,12.38,12.81,NORMAL,False
CHIP-26-06-032,LOT-2026-06,iddq,3,1,11.61,11.9,12.67,13.44,NORMAL,False
CHIP-26-06-033,LOT-2026-06,iddq,3,2,11.83,12.08,12.66,13.23,NORMAL,False
CHIP-26-06-034,LOT-2026-06,iddq,3,3,10.71,10.89,11.33,11.8,NORMAL,False
CHIP-26-06-035,LOT-2026-06,iddq,3,4,11.12,11.35,11.94,12.49,NORMAL,False
CHIP-26-06-036,LOT-2026-06,iddq,3,5,11.33,11.58,12.21,12.89,NORMAL,False
CHIP-26-06-037,LOT-2026-06,iddq,3,6,11.84,11.87,12.15,12.42,NORMAL,False
CHIP-26-06-038,LOT-2026-06,iddq,3,7,10.8,11.05,11.7,12.35,NORMAL,False
CHIP-26-06-039,LOT-2026-06,iddq,3,8,11.01,11.07,11.37,11.59,NORMAL,False
CHIP-26-06-040,LOT-2026-06,iddq,3,9,11.49,11.77,12.4,13.01,NORMAL,False
CHIP-26-06-041,LOT-2026-06,iddq,4,0,10.76,10.97,11.6,12.22,NORMAL,False
CHIP-26-06-042,LOT-2026-06,iddq,4,1,10.98,11.12,11.52,11.97,NORMAL,False
CHIP-26-06-043,LOT-2026-06,iddq,4,2,10.65,10.8,11.21,11.65,NORMAL,False
CHIP-26-06-044,LOT-2026-06,iddq,4,3,11.17,11.44,12.07,12.51,NORMAL,False
CHIP-26-06-045,LOT-2026-06,iddq,4,4,10.68,10.78,11.32,11.96,NORMAL,False
CHIP-26-06-046,LOT-2026-06,iddq,4,5,11.11,11.23,11.52,11.85,NORMAL,False
CHIP-26-06-047,LOT-2026-06,iddq,4,6,11.53,11.6,11.77,12.11,NORMAL,False
CHIP-26-06-048,LOT-2026-06,iddq,4,7,10.81,10.94,11.23,11.36,NORMAL,False
CHIP-26-06-049,LOT-2026-06,iddq,4,8,11.3,11.52,12.1,12.61,NORMAL,False
CHIP-26-06-050,LOT-2026-06,iddq,4,9,10.87,11.0,11.32,11.84,NORMAL,False
CHIP-26-06-051,LOT-2026-06,iddq,5,0,11.62,11.83,12.55,13.17,NORMAL,False
CHIP-26-06-052,LOT-2026-06,iddq,5,1,11.21,11.36,11.8,12.16,NORMAL,False
CHIP-26-06-053,LOT-2026-06,iddq,5,2,11.62,11.68,12.19,12.61,NORMAL,False
CHIP-26-06-054,LOT-2026-06,iddq,5,3,11.57,11.85,12.54,13.39,NORMAL,False
CHIP-26-06-055,LOT-2026-06,iddq,5,4,10.86,11.09,11.73,12.2,NORMAL,False
CHIP-26-06-056,LOT-2026-06,iddq,5,5,11.1,11.17,11.43,11.84,NORMAL,False
CHIP-26-06-057,LOT-2026-06,iddq,5,6,11.15,11.3,11.66,11.99,NORMAL,False
CHIP-26-06-058,LOT-2026-06,iddq,5,7,12.1,12.23,12.52,12.75,NORMAL,False
CHIP-26-06-059,LOT-2026-06,iddq,5,8,10.99,11.23,12.11,13.07,NORMAL,False
CHIP-26-06-060,LOT-2026-06,iddq,5,9,10.69,10.77,11.36,11.95,NORMAL,False
CHIP-26-06-061,LOT-2026-06,iddq,6,0,11.25,11.33,11.77,12.26,NORMAL,False
CHIP-26-06-062,LOT-2026-06,iddq,6,1,10.9,11.1,11.62,12.06,NORMAL,False
CHIP-26-06-063,LOT-2026-06,iddq,6,2,11.4,11.46,11.81,12.05,NORMAL,False
CHIP-26-06-064,LOT-2026-06,iddq,6,3,11.26,11.34,11.76,12.08,NORMAL,False
CHIP-26-06-065,LOT-2026-06,iddq,6,4,11.96,12.22,12.85,13.6,NORMAL,False
CHIP-26-06-066,LOT-2026-06,iddq,6,5,11.38,11.65,12.2,12.86,NORMAL,False
CHIP-26-06-067,LOT-2026-06,iddq,6,6,11.17,11.33,11.53,11.77,NORMAL,False
CHIP-26-06-068,LOT-2026-06,iddq,6,7,11.68,11.92,12.65,13.46,NORMAL,False
CHIP-26-06-069,LOT-2026-06,iddq,6,8,11.42,11.49,11.62,11.81,NORMAL,False
CHIP-26-06-070,LOT-2026-06,iddq,6,9,11.67,11.8,12.15,12.49,NORMAL,False
CHIP-26-06-071,LOT-2026-06,iddq,7,0,10.81,10.8,10.94,10.89,NORMAL,False
CHIP-26-06-072,LOT-2026-06,iddq,7,1,11.56,11.84,12.44,13.24,NORMAL,False
CHIP-26-06-073,LOT-2026-06,iddq,7,2,11.34,11.48,11.7,12.02,NORMAL,False
CHIP-26-06-074,LOT-2026-06,iddq,7,3,11.5,11.78,12.37,13.03,NORMAL,False
CHIP-26-06-075,LOT-2026-06,iddq,7,4,11.63,11.93,12.54,13.1,NORMAL,False
CHIP-26-06-076,LOT-2026-06,iddq,7,5,11.35,11.64,12.44,13.3,NORMAL,False
CHIP-26-06-077,LOT-2026-06,iddq,7,6,11.52,11.72,12.17,12.71,NORMAL,False
CHIP-26-06-078,LOT-2026-06,iddq,7,7,11.88,11.98,12.25,12.45,NORMAL,False
CHIP-26-06-079,LOT-2026-06,iddq,7,8,10.98,11.1,11.53,12.03,NORMAL,False
CHIP-26-06-080,LOT-2026-06,iddq,7,9,10.93,11.25,12.04,12.76,NORMAL,False
CHIP-26-06-081,LOT-2026-06,iddq,8,0,11.57,11.63,11.96,12.32,NORMAL,False
CHIP-26-06-082,LOT-2026-06,iddq,8,1,10.84,10.89,11.08,11.4,NORMAL,False
CHIP-26-06-083,LOT-2026-06,iddq,8,2,10.72,10.96,11.59,12.21,NORMAL,False
CHIP-26-06-084,LOT-2026-06,iddq,8,3,11.01,11.11,11.23,11.56,NORMAL,False
CHIP-26-06-085,LOT-2026-06,iddq,8,4,11.09,11.2,11.54,11.68,NORMAL,False
CHIP-26-06-086,LOT-2026-06,iddq,8,5,11.28,11.39,11.8,12.11,NORMAL,False
CHIP-26-06-087,LOT-2026-06,iddq,8,6,11.09,11.31,11.9,12.46,NORMAL,False
CHIP-26-06-088,LOT-2026-06,iddq,8,7,10.89,10.93,11.18,11.26,NORMAL,False
CHIP-26-06-089,LOT-2026-06,iddq,8,8,10.62,10.86,11.49,12.18,NORMAL,False
CHIP-26-06-090,LOT-2026-06,iddq,8,9,11.39,11.63,12.23,12.76,NORMAL,False
CHIP-26-06-091,LOT-2026-06,iddq,9,0,11.82,12.19,12.98,13.91,NORMAL,False
CHIP-26-06-092,LOT-2026-06,iddq,9,1,10.96,11.14,11.49,11.78,NORMAL,False
CHIP-26-06-093,LOT-2026-06,iddq,9,2,11.18,11.38,11.93,12.49,NORMAL,False
CHIP-26-06-094,LOT-2026-06,iddq,9,3,11.04,11.2,11.74,12.28,NORMAL,False
CHIP-26-06-095,LOT-2026-06,iddq,9,4,11.45,11.53,11.94,12.18,NORMAL,False
CHIP-26-06-096,LOT-2026-06,iddq,9,5,11.6,11.78,12.14,12.35,NORMAL,False
CHIP-26-06-097,LOT-2026-06,iddq,9,6,10.83,11.07,11.85,12.38,NORMAL,False
CHIP-26-06-098,LOT-2026-06,iddq,9,7,11.13,11.2,11.39,11.67,NORMAL,False
CHIP-26-06-099,LOT-2026-06,iddq,9,8,11.55,11.82,12.51,13.22,NORMAL,False
CHIP-26-06-100,LOT-2026-06,iddq,9,9,10.36,10.43,10.54,10.82,NORMAL,False
CHIP-26-07-001,LOT-2026-07,iddq,0,0,73.19,78.69,89.21,99.53,HARD_FAIL,True
CHIP-26-07-002,LOT-2026-07,iddq,0,1,53.2,55.39,64.05,70.32,HARD_FAIL,True
CHIP-26-07-003,LOT-2026-07,iddq,0,2,65.96,73.25,86.96,101.85,HARD_FAIL,True
CHIP-26-07-004,LOT-2026-07,iddq,0,3,56.86,64.04,77.79,85.74,HARD_FAIL,True
CHIP-26-07-005,LOT-2026-07,iddq,0,4,11.19,13.23,21.2,31.01,LATENT_DRIFT,True
CHIP-26-07-006,LOT-2026-07,iddq,0,5,11.85,14.13,23.01,33.94,LATENT_DRIFT,True
CHIP-26-07-007,LOT-2026-07,iddq,0,6,11.6,13.24,19.63,27.49,LATENT_DRIFT,True
CHIP-26-07-008,LOT-2026-07,iddq,0,7,11.53,13.63,21.81,31.87,LATENT_DRIFT,True
CHIP-26-07-009,LOT-2026-07,iddq,0,8,11.44,12.6,17.13,22.7,LATENT_DRIFT,True
CHIP-26-07-010,LOT-2026-07,iddq,0,9,11.33,13.58,22.36,33.16,LATENT_DRIFT,True
CHIP-26-07-011,LOT-2026-07,iddq,1,0,11.62,11.91,12.67,13.33,NORMAL,False
CHIP-26-07-012,LOT-2026-07,iddq,1,1,11.44,11.48,11.66,11.92,NORMAL,False
CHIP-26-07-013,LOT-2026-07,iddq,1,2,11.29,11.46,11.76,12.05,NORMAL,False
CHIP-26-07-014,LOT-2026-07,iddq,1,3,11.23,11.37,11.94,12.54,NORMAL,False
CHIP-26-07-015,LOT-2026-07,iddq,1,4,11.81,11.88,12.12,12.27,NORMAL,False
CHIP-26-07-016,LOT-2026-07,iddq,1,5,11.7,11.85,12.56,13.1,NORMAL,False
CHIP-26-07-017,LOT-2026-07,iddq,1,6,11.09,11.29,11.85,12.21,NORMAL,False
CHIP-26-07-018,LOT-2026-07,iddq,1,7,11.47,11.55,11.8,11.9,NORMAL,False
CHIP-26-07-019,LOT-2026-07,iddq,1,8,11.69,11.98,12.61,13.21,NORMAL,False
CHIP-26-07-020,LOT-2026-07,iddq,1,9,11.64,11.79,12.41,13.03,NORMAL,False
CHIP-26-07-021,LOT-2026-07,iddq,2,0,12.1,12.26,12.83,13.27,NORMAL,False
CHIP-26-07-022,LOT-2026-07,iddq,2,1,11.83,11.96,12.33,12.53,NORMAL,False
CHIP-26-07-023,LOT-2026-07,iddq,2,2,11.33,11.44,11.86,12.28,NORMAL,False
CHIP-26-07-024,LOT-2026-07,iddq,2,3,12.28,12.38,12.51,12.87,NORMAL,False
CHIP-26-07-025,LOT-2026-07,iddq,2,4,11.19,11.4,11.88,12.3,NORMAL,False
CHIP-26-07-026,LOT-2026-07,iddq,2,5,11.29,11.51,12.24,12.89,NORMAL,False
CHIP-26-07-027,LOT-2026-07,iddq,2,6,11.52,11.62,11.95,12.12,NORMAL,False
CHIP-26-07-028,LOT-2026-07,iddq,2,7,11.25,11.42,11.97,12.51,NORMAL,False
CHIP-26-07-029,LOT-2026-07,iddq,2,8,11.68,11.73,12.05,12.29,NORMAL,False
CHIP-26-07-030,LOT-2026-07,iddq,2,9,11.21,11.21,11.37,11.54,NORMAL,False
CHIP-26-07-031,LOT-2026-07,iddq,3,0,11.97,12.09,12.16,12.33,NORMAL,False
CHIP-26-07-032,LOT-2026-07,iddq,3,1,11.49,11.71,12.42,13.07,NORMAL,False
CHIP-26-07-033,LOT-2026-07,iddq,3,2,11.48,11.68,12.09,12.57,NORMAL,False
CHIP-26-07-034,LOT-2026-07,iddq,3,3,10.54,10.71,11.35,11.83,NORMAL,False
CHIP-26-07-035,LOT-2026-07,iddq,3,4,11.29,11.41,11.96,12.44,NORMAL,False
CHIP-26-07-036,LOT-2026-07,iddq,3,5,11.68,11.94,12.12,12.23,NORMAL,False
CHIP-26-07-037,LOT-2026-07,iddq,3,6,11.92,12.0,12.24,12.43,NORMAL,False
CHIP-26-07-038,LOT-2026-07,iddq,3,7,11.3,11.51,12.0,12.47,NORMAL,False
CHIP-26-07-039,LOT-2026-07,iddq,3,8,11.93,12.05,12.41,12.83,NORMAL,False
CHIP-26-07-040,LOT-2026-07,iddq,3,9,11.24,11.49,12.15,12.73,NORMAL,False
CHIP-26-07-041,LOT-2026-07,iddq,4,0,11.28,11.32,11.48,11.75,NORMAL,False
CHIP-26-07-042,LOT-2026-07,iddq,4,1,11.25,11.42,11.83,12.2,NORMAL,False
CHIP-26-07-043,LOT-2026-07,iddq,4,2,11.74,11.88,12.55,13.07,NORMAL,False
CHIP-26-07-044,LOT-2026-07,iddq,4,3,11.19,11.35,11.76,12.18,NORMAL,False
CHIP-26-07-045,LOT-2026-07,iddq,4,4,11.12,11.12,11.18,11.32,NORMAL,False
CHIP-26-07-046,LOT-2026-07,iddq,4,5,11.85,12.1,12.84,13.46,NORMAL,False
CHIP-26-07-047,LOT-2026-07,iddq,4,6,11.12,11.42,12.23,12.69,NORMAL,False
CHIP-26-07-048,LOT-2026-07,iddq,4,7,11.43,11.56,12.22,12.86,NORMAL,False
CHIP-26-07-049,LOT-2026-07,iddq,4,8,11.8,12.05,12.67,13.5,NORMAL,False
CHIP-26-07-050,LOT-2026-07,iddq,4,9,11.83,12.08,12.81,13.58,NORMAL,False
CHIP-26-07-051,LOT-2026-07,iddq,5,0,11.11,11.25,11.47,11.62,NORMAL,False
CHIP-26-07-052,LOT-2026-07,iddq,5,1,11.93,11.99,12.23,12.61,NORMAL,False
CHIP-26-07-053,LOT-2026-07,iddq,5,2,11.48,11.51,11.74,12.26,NORMAL,False
CHIP-26-07-054,LOT-2026-07,iddq,5,3,11.82,11.96,12.4,12.88,NORMAL,False
CHIP-26-07-055,LOT-2026-07,iddq,5,4,12.17,12.47,13.09,13.71,NORMAL,False
CHIP-26-07-056,LOT-2026-07,iddq,5,5,11.46,11.65,12.1,12.59,NORMAL,False
CHIP-26-07-057,LOT-2026-07,iddq,5,6,11.55,11.74,12.39,12.98,NORMAL,False
CHIP-26-07-058,LOT-2026-07,iddq,5,7,11.17,11.26,11.38,11.68,NORMAL,False
CHIP-26-07-059,LOT-2026-07,iddq,5,8,11.48,11.63,11.97,12.51,NORMAL,False
CHIP-26-07-060,LOT-2026-07,iddq,5,9,11.69,11.73,11.89,12.29,NORMAL,False
CHIP-26-07-061,LOT-2026-07,iddq,6,0,11.65,11.83,12.19,12.49,NORMAL,False
CHIP-26-07-062,LOT-2026-07,iddq,6,1,11.3,11.45,11.72,11.9,NORMAL,False
CHIP-26-07-063,LOT-2026-07,iddq,6,2,11.93,12.03,12.41,12.64,NORMAL,False
CHIP-26-07-064,LOT-2026-07,iddq,6,3,11.36,11.58,12.06,12.47,NORMAL,False
CHIP-26-07-065,LOT-2026-07,iddq,6,4,11.62,11.77,11.73,11.81,NORMAL,False
CHIP-26-07-066,LOT-2026-07,iddq,6,5,11.66,11.89,12.83,13.64,NORMAL,False
CHIP-26-07-067,LOT-2026-07,iddq,6,6,11.45,11.49,11.76,11.98,NORMAL,False
CHIP-26-07-068,LOT-2026-07,iddq,6,7,11.29,11.43,11.63,12.1,NORMAL,False
CHIP-26-07-069,LOT-2026-07,iddq,6,8,11.64,11.86,12.31,12.77,NORMAL,False
CHIP-26-07-070,LOT-2026-07,iddq,6,9,11.4,11.51,12.02,12.55,NORMAL,False
CHIP-26-07-071,LOT-2026-07,iddq,7,0,11.44,11.5,11.79,12.0,NORMAL,False
CHIP-26-07-072,LOT-2026-07,iddq,7,1,11.47,11.53,11.79,12.13,NORMAL,False
CHIP-26-07-073,LOT-2026-07,iddq,7,2,11.5,11.64,12.3,12.97,NORMAL,False
CHIP-26-07-074,LOT-2026-07,iddq,7,3,11.06,11.37,12.18,12.83,NORMAL,False
CHIP-26-07-075,LOT-2026-07,iddq,7,4,12.07,12.29,13.01,13.65,NORMAL,False
CHIP-26-07-076,LOT-2026-07,iddq,7,5,11.92,12.08,12.57,12.96,NORMAL,False
CHIP-26-07-077,LOT-2026-07,iddq,7,6,11.73,11.87,12.18,12.64,NORMAL,False
CHIP-26-07-078,LOT-2026-07,iddq,7,7,10.86,10.96,11.24,11.33,NORMAL,False
CHIP-26-07-079,LOT-2026-07,iddq,7,8,11.96,12.14,12.82,13.53,NORMAL,False
CHIP-26-07-080,LOT-2026-07,iddq,7,9,11.25,11.58,12.4,13.14,NORMAL,False
CHIP-26-07-081,LOT-2026-07,iddq,8,0,11.95,12.08,12.2,12.46,NORMAL,False
CHIP-26-07-082,LOT-2026-07,iddq,8,1,11.66,11.71,12.11,12.48,NORMAL,False
CHIP-26-07-083,LOT-2026-07,iddq,8,2,12.02,12.26,13.0,13.64,NORMAL,False
CHIP-26-07-084,LOT-2026-07,iddq,8,3,11.87,12.04,12.26,12.44,NORMAL,False
CHIP-26-07-085,LOT-2026-07,iddq,8,4,11.29,11.34,11.35,11.64,NORMAL,False
CHIP-26-07-086,LOT-2026-07,iddq,8,5,11.53,11.56,11.65,11.89,NORMAL,False
CHIP-26-07-087,LOT-2026-07,iddq,8,6,11.53,11.65,12.06,12.49,NORMAL,False
CHIP-26-07-088,LOT-2026-07,iddq,8,7,11.83,11.89,12.19,12.57,NORMAL,False
CHIP-26-07-089,LOT-2026-07,iddq,8,8,11.28,11.43,11.89,12.34,NORMAL,False
CHIP-26-07-090,LOT-2026-07,iddq,8,9,11.25,11.46,12.0,12.6,NORMAL,False
CHIP-26-07-091,LOT-2026-07,iddq,9,0,11.74,11.76,11.7,11.83,NORMAL,False
CHIP-26-07-092,LOT-2026-07,iddq,9,1,11.14,11.23,11.75,12.1,NORMAL,False
CHIP-26-07-093,LOT-2026-07,iddq,9,2,11.71,11.83,12.04,12.2,NORMAL,False
CHIP-26-07-094,LOT-2026-07,iddq,9,3,11.1,11.22,11.95,12.43,NORMAL,False
CHIP-26-07-095,LOT-2026-07,iddq,9,4,11.68,11.73,11.96,12.18,NORMAL,False
CHIP-26-07-096,LOT-2026-07,iddq,9,5,10.99,11.17,11.81,12.47,NORMAL,False
CHIP-26-07-097,LOT-2026-07,iddq,9,6,11.37,11.51,11.69,12.05,NORMAL,False
CHIP-26-07-098,LOT-2026-07,iddq,9,7,11.08,11.19,11.43,11.72,NORMAL,False
CHIP-26-07-099,LOT-2026-07,iddq,9,8,11.87,12.0,12.52,12.78,NORMAL,False
CHIP-26-07-100,LOT-2026-07,iddq,9,9,10.96,10.99,11.44,11.8,NORMAL,False
CHIP-26-08-001,LOT-2026-08,iddq,0,0,56.64,64.25,75.83,93.18,HARD_FAIL,True
CHIP-26-08-002,LOT-2026-08,iddq,0,1,64.79,71.47,75.65,92.93,HARD_FAIL,True
CHIP-26-08-003,LOT-2026-08,iddq,0,2,52.92,60.26,75.17,84.58,HARD_FAIL,True
CHIP-26-08-004,LOT-2026-08,iddq,0,3,56.84,63.43,70.21,88.19,HARD_FAIL,True
CHIP-26-08-005,LOT-2026-08,iddq,0,4,11.59,13.48,20.86,29.94,LATENT_DRIFT,True
CHIP-26-08-006,LOT-2026-08,iddq,0,5,12.06,13.85,20.84,29.45,LATENT_DRIFT,True
CHIP-26-08-007,LOT-2026-08,iddq,0,6,12.32,14.09,20.99,29.49,LATENT_DRIFT,True
CHIP-26-08-008,LOT-2026-08,iddq,0,7,12.07,13.66,19.88,27.54,LATENT_DRIFT,True
CHIP-26-08-009,LOT-2026-08,iddq,0,8,12.07,13.42,18.69,25.18,LATENT_DRIFT,True
CHIP-26-08-010,LOT-2026-08,iddq,0,9,11.48,13.39,20.84,30.01,LATENT_DRIFT,True
CHIP-26-08-011,LOT-2026-08,iddq,1,0,11.97,12.13,12.8,13.31,NORMAL,False
CHIP-26-08-012,LOT-2026-08,iddq,1,1,11.45,11.68,12.13,12.62,NORMAL,False
CHIP-26-08-013,LOT-2026-08,iddq,1,2,11.64,11.71,11.82,12.19,NORMAL,False
CHIP-26-08-014,LOT-2026-08,iddq,1,3,11.3,11.43,11.79,12.12,NORMAL,False
CHIP-26-08-015,LOT-2026-08,iddq,1,4,12.32,12.59,12.94,13.5,NORMAL,False
CHIP-26-08-016,LOT-2026-08,iddq,1,5,11.69,11.81,11.96,12.29,NORMAL,False
CHIP-26-08-017,LOT-2026-08,iddq,1,6,12.42,12.7,13.5,14.32,NORMAL,False
CHIP-26-08-018,LOT-2026-08,iddq,1,7,11.88,12.01,12.4,12.61,NORMAL,False
CHIP-26-08-019,LOT-2026-08,iddq,1,8,12.17,12.31,12.39,12.65,NORMAL,False
CHIP-26-08-020,LOT-2026-08,iddq,1,9,11.98,12.21,12.52,12.9,NORMAL,False
CHIP-26-08-021,LOT-2026-08,iddq,2,0,12.29,12.49,13.09,13.86,NORMAL,False
CHIP-26-08-022,LOT-2026-08,iddq,2,1,12.16,12.44,13.28,14.31,NORMAL,False
CHIP-26-08-023,LOT-2026-08,iddq,2,2,11.78,11.88,12.15,12.68,NORMAL,False
CHIP-26-08-024,LOT-2026-08,iddq,2,3,11.63,11.74,12.09,12.45,NORMAL,False
CHIP-26-08-025,LOT-2026-08,iddq,2,4,12.12,12.41,13.33,14.14,NORMAL,False
CHIP-26-08-026,LOT-2026-08,iddq,2,5,11.33,11.42,11.93,12.43,NORMAL,False
CHIP-26-08-027,LOT-2026-08,iddq,2,6,11.47,11.65,12.24,12.68,NORMAL,False
CHIP-26-08-028,LOT-2026-08,iddq,2,7,12.14,12.42,13.07,13.8,NORMAL,False
CHIP-26-08-029,LOT-2026-08,iddq,2,8,12.01,12.17,12.6,12.75,NORMAL,False
CHIP-26-08-030,LOT-2026-08,iddq,2,9,11.62,11.72,12.15,12.3,NORMAL,False
CHIP-26-08-031,LOT-2026-08,iddq,3,0,11.45,11.52,11.71,11.79,NORMAL,False
CHIP-26-08-032,LOT-2026-08,iddq,3,1,11.21,11.42,12.15,12.69,NORMAL,False
CHIP-26-08-033,LOT-2026-08,iddq,3,2,11.46,11.6,12.28,12.86,NORMAL,False
CHIP-26-08-034,LOT-2026-08,iddq,3,3,12.24,12.33,12.83,13.17,NORMAL,False
CHIP-26-08-035,LOT-2026-08,iddq,3,4,11.04,11.35,12.03,12.87,NORMAL,False
CHIP-26-08-036,LOT-2026-08,iddq,3,5,11.41,11.72,12.19,12.69,NORMAL,False
CHIP-26-08-037,LOT-2026-08,iddq,3,6,11.83,12.06,12.81,13.55,NORMAL,False
CHIP-26-08-038,LOT-2026-08,iddq,3,7,11.78,11.76,11.84,12.01,NORMAL,False
CHIP-26-08-039,LOT-2026-08,iddq,3,8,11.43,11.68,12.28,12.85,NORMAL,False
CHIP-26-08-040,LOT-2026-08,iddq,3,9,11.5,11.8,12.39,12.99,NORMAL,False
CHIP-26-08-041,LOT-2026-08,iddq,4,0,12.61,12.77,13.17,13.57,NORMAL,False
CHIP-26-08-042,LOT-2026-08,iddq,4,1,11.65,11.69,11.87,12.17,NORMAL,False
CHIP-26-08-043,LOT-2026-08,iddq,4,2,11.78,11.94,12.5,13.12,NORMAL,False
CHIP-26-08-044,LOT-2026-08,iddq,4,3,12.14,12.29,12.81,13.21,NORMAL,False
CHIP-26-08-045,LOT-2026-08,iddq,4,4,11.68,11.84,12.17,12.48,NORMAL,False
CHIP-26-08-046,LOT-2026-08,iddq,4,5,12.44,12.44,12.73,12.94,NORMAL,False
CHIP-26-08-047,LOT-2026-08,iddq,4,6,11.73,11.89,12.5,13.09,NORMAL,False
CHIP-26-08-048,LOT-2026-08,iddq,4,7,11.82,11.89,12.16,12.29,NORMAL,False
CHIP-26-08-049,LOT-2026-08,iddq,4,8,11.71,11.86,12.4,12.88,NORMAL,False
CHIP-26-08-050,LOT-2026-08,iddq,4,9,11.67,12.01,12.65,13.39,NORMAL,False
CHIP-26-08-051,LOT-2026-08,iddq,5,0,11.69,11.84,12.37,12.9,NORMAL,False
CHIP-26-08-052,LOT-2026-08,iddq,5,1,12.04,12.19,12.57,12.8,NORMAL,False
CHIP-26-08-053,LOT-2026-08,iddq,5,2,11.86,12.05,12.45,12.95,NORMAL,False
CHIP-26-08-054,LOT-2026-08,iddq,5,3,11.91,12.2,12.75,13.56,NORMAL,False
CHIP-26-08-055,LOT-2026-08,iddq,5,4,11.77,11.99,12.59,12.98,NORMAL,False
CHIP-26-08-056,LOT-2026-08,iddq,5,5,11.3,11.38,11.67,11.89,NORMAL,False
CHIP-26-08-057,LOT-2026-08,iddq,5,6,11.21,11.42,12.0,12.48,NORMAL,False
CHIP-26-08-058,LOT-2026-08,iddq,5,7,11.61,11.69,11.92,12.17,NORMAL,False
CHIP-26-08-059,LOT-2026-08,iddq,5,8,11.85,11.89,12.44,12.85,NORMAL,False
CHIP-26-08-060,LOT-2026-08,iddq,5,9,11.76,11.76,11.95,12.05,NORMAL,False
CHIP-26-08-061,LOT-2026-08,iddq,6,0,12.1,12.29,12.82,13.18,NORMAL,False
CHIP-26-08-062,LOT-2026-08,iddq,6,1,11.61,11.89,12.63,13.45,NORMAL,False
CHIP-26-08-063,LOT-2026-08,iddq,6,2,11.18,11.32,11.78,11.93,NORMAL,False
CHIP-26-08-064,LOT-2026-08,iddq,6,3,12.15,12.37,12.58,12.94,NORMAL,False
CHIP-26-08-065,LOT-2026-08,iddq,6,4,11.79,12.04,12.6,13.04,NORMAL,False
CHIP-26-08-066,LOT-2026-08,iddq,6,5,11.64,11.72,12.03,12.38,NORMAL,False
CHIP-26-08-067,LOT-2026-08,iddq,6,6,11.26,11.66,12.41,13.1,NORMAL,False
CHIP-26-08-068,LOT-2026-08,iddq,6,7,12.16,12.41,13.27,14.01,NORMAL,False
CHIP-26-08-069,LOT-2026-08,iddq,6,8,11.58,11.75,12.19,12.57,NORMAL,False
CHIP-26-08-070,LOT-2026-08,iddq,6,9,11.93,12.03,12.35,12.86,NORMAL,False
CHIP-26-08-071,LOT-2026-08,iddq,7,0,12.17,12.43,13.05,13.74,NORMAL,False
CHIP-26-08-072,LOT-2026-08,iddq,7,1,12.2,12.23,12.65,13.04,NORMAL,False
CHIP-26-08-073,LOT-2026-08,iddq,7,2,11.89,11.99,12.35,12.62,NORMAL,False
CHIP-26-08-074,LOT-2026-08,iddq,7,3,11.68,11.93,12.44,12.67,NORMAL,False
CHIP-26-08-075,LOT-2026-08,iddq,7,4,11.34,11.51,12.14,12.73,NORMAL,False
CHIP-26-08-076,LOT-2026-08,iddq,7,5,11.99,12.0,12.25,12.33,NORMAL,False
CHIP-26-08-077,LOT-2026-08,iddq,7,6,11.18,11.42,12.14,12.75,NORMAL,False
CHIP-26-08-078,LOT-2026-08,iddq,7,7,11.99,12.23,12.67,13.05,NORMAL,False
CHIP-26-08-079,LOT-2026-08,iddq,7,8,12.38,12.48,12.82,13.28,NORMAL,False
CHIP-26-08-080,LOT-2026-08,iddq,7,9,11.97,12.07,12.25,12.49,NORMAL,False
CHIP-26-08-081,LOT-2026-08,iddq,8,0,12.05,12.3,12.79,13.19,NORMAL,False
CHIP-26-08-082,LOT-2026-08,iddq,8,1,11.83,12.15,13.0,13.75,NORMAL,False
CHIP-26-08-083,LOT-2026-08,iddq,8,2,12.3,12.55,13.21,13.96,NORMAL,False
CHIP-26-08-084,LOT-2026-08,iddq,8,3,11.46,11.54,11.89,12.0,NORMAL,False
CHIP-26-08-085,LOT-2026-08,iddq,8,4,11.21,11.5,12.06,12.46,NORMAL,False
CHIP-26-08-086,LOT-2026-08,iddq,8,5,11.51,11.61,12.13,12.64,NORMAL,False
CHIP-26-08-087,LOT-2026-08,iddq,8,6,11.71,11.94,12.56,13.17,NORMAL,False
CHIP-26-08-088,LOT-2026-08,iddq,8,7,11.41,11.72,12.44,13.18,NORMAL,False
CHIP-26-08-089,LOT-2026-08,iddq,8,8,11.58,11.82,12.71,13.4,NORMAL,False
CHIP-26-08-090,LOT-2026-08,iddq,8,9,12.02,12.21,12.8,13.25,NORMAL,False
CHIP-26-08-091,LOT-2026-08,iddq,9,0,11.95,12.08,12.48,12.88,NORMAL,False
CHIP-26-08-092,LOT-2026-08,iddq,9,1,11.4,11.6,12.24,12.97,NORMAL,False
CHIP-26-08-093,LOT-2026-08,iddq,9,2,11.76,11.81,12.31,12.55,NORMAL,False
CHIP-26-08-094,LOT-2026-08,iddq,9,3,11.46,11.64,11.99,12.32,NORMAL,False
CHIP-26-08-095,LOT-2026-08,iddq,9,4,11.79,11.93,12.35,12.75,NORMAL,False
CHIP-26-08-096,LOT-2026-08,iddq,9,5,11.63,11.93,12.6,13.23,NORMAL,False
CHIP-26-08-097,LOT-2026-08,iddq,9,6,11.74,11.78,11.93,12.02,NORMAL,False
CHIP-26-08-098,LOT-2026-08,iddq,9,7,11.84,11.97,12.27,12.64,NORMAL,False
CHIP-26-08-099,LOT-2026-08,iddq,9,8,11.87,12.09,12.69,13.05,NORMAL,False
CHIP-26-08-100,LOT-2026-08,iddq,9,9,11.81,12.0,12.3,12.45,NORMAL,False
CHIP-26-09-001,LOT-2026-09,iddq,0,0,71.81,74.63,89.11,99.04,HARD_FAIL,True
CHIP-26-09-002,LOT-2026-09,iddq,0,1,67.23,73.74,86.67,105.86,HARD_FAIL,True
CHIP-26-09-003,LOT-2026-09,iddq,0,2,59.2,66.35,71.8,87.38,HARD_FAIL,True
CHIP-26-09-004,LOT-2026-09,iddq,0,3,69.07,75.14,81.92,100.02,HARD_FAIL,True
CHIP-26-09-005,LOT-2026-09,iddq,0,4,11.93,14.03,22.22,32.29,LATENT_DRIFT,True
CHIP-26-09-006,LOT-2026-09,iddq,0,5,12.63,14.17,20.18,27.57,LATENT_DRIFT,True
CHIP-26-09-007,LOT-2026-09,iddq,0,6,12.12,13.86,20.64,28.99,LATENT_DRIFT,True
CHIP-26-09-008,LOT-2026-09,iddq,0,7,11.88,13.19,18.29,24.56,LATENT_DRIFT,True
CHIP-26-09-009,LOT-2026-09,iddq,0,8,12.03,13.84,20.88,29.54,LATENT_DRIFT,True
CHIP-26-09-010,LOT-2026-09,iddq,0,9,12.63,14.26,20.63,28.47,LATENT_DRIFT,True
CHIP-26-09-011,LOT-2026-09,iddq,1,0,12.13,12.37,13.09,13.79,NORMAL,False
CHIP-26-09-012,LOT-2026-09,iddq,1,1,12.31,12.52,13.14,13.65,NORMAL,False
CHIP-26-09-013,LOT-2026-09,iddq,1,2,12.03,12.24,12.74,13.2,NORMAL,False
CHIP-26-09-014,LOT-2026-09,iddq,1,3,11.95,12.2,12.79,13.39,NORMAL,False
CHIP-26-09-015,LOT-2026-09,iddq,1,4,12.01,12.28,12.97,13.6,NORMAL,False
CHIP-26-09-016,LOT-2026-09,iddq,1,5,12.1,12.15,12.59,13.11,NORMAL,False
CHIP-26-09-017,LOT-2026-09,iddq,1,6,11.6,11.89,12.68,13.44,NORMAL,False
CHIP-26-09-018,LOT-2026-09,iddq,1,7,12.35,12.58,13.11,13.47,NORMAL,False
CHIP-26-09-019,LOT-2026-09,iddq,1,8,12.18,12.36,12.84,13.16,NORMAL,False
CHIP-26-09-020,LOT-2026-09,iddq,1,9,12.3,12.43,12.99,13.28,NORMAL,False
CHIP-26-09-021,LOT-2026-09,iddq,2,0,12.0,12.27,13.0,13.71,NORMAL,False
CHIP-26-09-022,LOT-2026-09,iddq,2,1,11.87,11.9,12.23,12.57,NORMAL,False
CHIP-26-09-023,LOT-2026-09,iddq,2,2,12.05,12.31,13.0,13.71,NORMAL,False
CHIP-26-09-024,LOT-2026-09,iddq,2,3,11.24,11.39,11.9,12.35,NORMAL,False
CHIP-26-09-025,LOT-2026-09,iddq,2,4,11.96,12.18,12.81,13.26,NORMAL,False
CHIP-26-09-026,LOT-2026-09,iddq,2,5,12.04,12.4,13.11,13.95,NORMAL,False
CHIP-26-09-027,LOT-2026-09,iddq,2,6,12.0,12.3,13.05,13.9,NORMAL,False
CHIP-26-09-028,LOT-2026-09,iddq,2,7,12.08,12.33,13.08,13.71,NORMAL,False
CHIP-26-09-029,LOT-2026-09,iddq,2,8,11.5,11.72,12.5,13.11,NORMAL,False
CHIP-26-09-030,LOT-2026-09,iddq,2,9,11.73,11.76,11.96,12.0,NORMAL,False
CHIP-26-09-031,LOT-2026-09,iddq,3,0,11.77,11.83,12.06,12.43,NORMAL,False
CHIP-26-09-032,LOT-2026-09,iddq,3,1,11.95,12.05,12.32,12.59,NORMAL,False
CHIP-26-09-033,LOT-2026-09,iddq,3,2,11.87,12.08,12.67,13.34,NORMAL,False
CHIP-26-09-034,LOT-2026-09,iddq,3,3,12.21,12.28,12.66,12.91,NORMAL,False
CHIP-26-09-035,LOT-2026-09,iddq,3,4,11.78,11.85,12.07,12.23,NORMAL,False
CHIP-26-09-036,LOT-2026-09,iddq,3,5,11.57,11.79,12.36,12.85,NORMAL,False
CHIP-26-09-037,LOT-2026-09,iddq,3,6,12.51,12.74,13.3,13.95,NORMAL,False
CHIP-26-09-038,LOT-2026-09,iddq,3,7,11.7,11.84,12.19,12.55,NORMAL,False
CHIP-26-09-039,LOT-2026-09,iddq,3,8,11.95,12.03,12.16,12.2,NORMAL,False
CHIP-26-09-040,LOT-2026-09,iddq,3,9,11.86,12.16,13.07,13.78,NORMAL,False
CHIP-26-09-041,LOT-2026-09,iddq,4,0,12.42,12.44,12.8,13.1,NORMAL,False
CHIP-26-09-042,LOT-2026-09,iddq,4,1,11.93,12.03,12.27,12.73,NORMAL,False
CHIP-26-09-043,LOT-2026-09,iddq,4,2,12.1,12.29,12.91,13.54,NORMAL,False
CHIP-26-09-044,LOT-2026-09,iddq,4,3,11.78,11.86,12.3,12.79,NORMAL,False
CHIP-26-09-045,LOT-2026-09,iddq,4,4,11.66,11.98,12.67,13.19,NORMAL,False
CHIP-26-09-046,LOT-2026-09,iddq,4,5,11.82,11.92,12.11,12.39,NORMAL,False
CHIP-26-09-047,LOT-2026-09,iddq,4,6,11.61,11.73,11.79,12.01,NORMAL,False
CHIP-26-09-048,LOT-2026-09,iddq,4,7,11.75,11.82,12.01,12.21,NORMAL,False
CHIP-26-09-049,LOT-2026-09,iddq,4,8,11.63,11.75,12.12,12.61,NORMAL,False
CHIP-26-09-050,LOT-2026-09,iddq,4,9,12.05,12.28,12.74,13.17,NORMAL,False
CHIP-26-09-051,LOT-2026-09,iddq,5,0,11.91,12.08,12.41,12.9,NORMAL,False
CHIP-26-09-052,LOT-2026-09,iddq,5,1,12.33,12.4,12.55,12.54,NORMAL,False
CHIP-26-09-053,LOT-2026-09,iddq,5,2,12.26,12.49,13.11,13.75,NORMAL,False
CHIP-26-09-054,LOT-2026-09,iddq,5,3,11.98,12.17,12.7,13.12,NORMAL,False
CHIP-26-09-055,LOT-2026-09,iddq,5,4,12.53,12.79,13.42,13.88,NORMAL,False
CHIP-26-09-056,LOT-2026-09,iddq,5,5,11.86,12.15,12.84,13.54,NORMAL,False
CHIP-26-09-057,LOT-2026-09,iddq,5,6,12.27,12.55,13.22,13.88,NORMAL,False
CHIP-26-09-058,LOT-2026-09,iddq,5,7,12.58,12.69,13.08,13.63,NORMAL,False
CHIP-26-09-059,LOT-2026-09,iddq,5,8,11.6,11.85,12.39,13.03,NORMAL,False
CHIP-26-09-060,LOT-2026-09,iddq,5,9,12.35,12.47,12.87,13.05,NORMAL,False
CHIP-26-09-061,LOT-2026-09,iddq,6,0,12.02,12.29,12.88,13.31,NORMAL,False
CHIP-26-09-062,LOT-2026-09,iddq,6,1,11.91,11.94,12.14,12.15,NORMAL,False
CHIP-26-09-063,LOT-2026-09,iddq,6,2,12.06,12.21,12.51,12.89,NORMAL,False
CHIP-26-09-064,LOT-2026-09,iddq,6,3,12.31,12.63,13.29,14.14,NORMAL,False
CHIP-26-09-065,LOT-2026-09,iddq,6,4,11.8,12.07,12.79,13.42,NORMAL,False
CHIP-26-09-066,LOT-2026-09,iddq,6,5,12.13,12.33,12.83,13.21,NORMAL,False
CHIP-26-09-067,LOT-2026-09,iddq,6,6,12.3,12.35,12.59,12.82,NORMAL,False
CHIP-26-09-068,LOT-2026-09,iddq,6,7,11.9,11.92,12.2,12.62,NORMAL,False
CHIP-26-09-069,LOT-2026-09,iddq,6,8,11.59,11.71,11.98,12.22,NORMAL,False
CHIP-26-09-070,LOT-2026-09,iddq,6,9,12.39,12.61,13.25,13.8,NORMAL,False
CHIP-26-09-071,LOT-2026-09,iddq,7,0,12.12,12.3,12.75,13.26,NORMAL,False
CHIP-26-09-072,LOT-2026-09,iddq,7,1,12.11,12.2,12.63,13.16,NORMAL,False
CHIP-26-09-073,LOT-2026-09,iddq,7,2,12.51,12.72,13.55,14.33,NORMAL,False
CHIP-26-09-074,LOT-2026-09,iddq,7,3,12.18,12.35,12.71,13.11,NORMAL,False
CHIP-26-09-075,LOT-2026-09,iddq,7,4,11.91,12.21,12.73,12.99,NORMAL,False
CHIP-26-09-076,LOT-2026-09,iddq,7,5,12.19,12.26,12.51,12.68,NORMAL,False
CHIP-26-09-077,LOT-2026-09,iddq,7,6,11.73,11.94,12.11,12.49,NORMAL,False
CHIP-26-09-078,LOT-2026-09,iddq,7,7,11.28,11.51,12.15,12.7,NORMAL,False
CHIP-26-09-079,LOT-2026-09,iddq,7,8,12.21,12.25,12.53,12.7,NORMAL,False
CHIP-26-09-080,LOT-2026-09,iddq,7,9,11.7,11.98,12.97,13.77,NORMAL,False
CHIP-26-09-081,LOT-2026-09,iddq,8,0,11.97,12.04,12.43,12.9,NORMAL,False
CHIP-26-09-082,LOT-2026-09,iddq,8,1,12.01,12.17,12.84,13.4,NORMAL,False
CHIP-26-09-083,LOT-2026-09,iddq,8,2,12.41,12.51,12.78,13.07,NORMAL,False
CHIP-26-09-084,LOT-2026-09,iddq,8,3,12.76,12.87,13.3,13.69,NORMAL,False
CHIP-26-09-085,LOT-2026-09,iddq,8,4,11.9,11.93,12.26,12.53,NORMAL,False
CHIP-26-09-086,LOT-2026-09,iddq,8,5,12.3,12.39,12.97,13.38,NORMAL,False
CHIP-26-09-087,LOT-2026-09,iddq,8,6,11.66,11.87,12.64,13.3,NORMAL,False
CHIP-26-09-088,LOT-2026-09,iddq,8,7,12.07,12.29,12.74,13.1,NORMAL,False
CHIP-26-09-089,LOT-2026-09,iddq,8,8,12.07,12.3,12.78,13.28,NORMAL,False
CHIP-26-09-090,LOT-2026-09,iddq,8,9,11.74,11.96,12.57,13.21,NORMAL,False
CHIP-26-09-091,LOT-2026-09,iddq,9,0,12.08,12.26,13.0,13.6,NORMAL,False
CHIP-26-09-092,LOT-2026-09,iddq,9,1,12.26,12.47,13.0,13.46,NORMAL,False
CHIP-26-09-093,LOT-2026-09,iddq,9,2,12.27,12.45,12.84,13.09,NORMAL,False
CHIP-26-09-094,LOT-2026-09,iddq,9,3,11.46,11.65,12.2,12.7,NORMAL,False
CHIP-26-09-095,LOT-2026-09,iddq,9,4,11.59,11.87,12.65,13.39,NORMAL,False
CHIP-26-09-096,LOT-2026-09,iddq,9,5,12.22,12.34,12.74,13.15,NORMAL,False
CHIP-26-09-097,LOT-2026-09,iddq,9,6,11.98,12.2,12.96,13.63,NORMAL,False
CHIP-26-09-098,LOT-2026-09,iddq,9,7,12.4,12.46,12.7,12.96,NORMAL,False
CHIP-26-09-099,LOT-2026-09,iddq,9,8,12.2,12.31,12.73,12.93,NORMAL,False
CHIP-26-09-100,LOT-2026-09,iddq,9,9,12.21,12.41,13.04,13.59,NORMAL,False
CHIP-26-10-001,LOT-2026-10,iddq,0,0,58.5,62.33,77.14,91.78,HARD_FAIL,True
CHIP-26-10-002,LOT-2026-10,iddq,0,1,68.51,76.37,84.52,101.55,HARD_FAIL,True
CHIP-26-10-003,LOT-2026-10,iddq,0,2,61.99,69.21,75.2,94.42,HARD_FAIL,True
CHIP-26-10-004,LOT-2026-10,iddq,0,3,57.03,60.99,73.31,84.22,HARD_FAIL,True
CHIP-26-10-005,LOT-2026-10,iddq,0,4,11.87,13.84,21.53,30.99,LATENT_DRIFT,True
CHIP-26-10-006,LOT-2026-10,iddq,0,5,12.99,14.34,19.62,26.12,LATENT_DRIFT,True
CHIP-26-10-007,LOT-2026-10,iddq,0,6,12.2,13.85,20.28,28.2,LATENT_DRIFT,True
CHIP-26-10-008,LOT-2026-10,iddq,0,7,12.14,13.42,18.42,24.57,LATENT_DRIFT,True
CHIP-26-10-009,LOT-2026-10,iddq,0,8,11.84,12.99,17.47,22.98,LATENT_DRIFT,True
CHIP-26-10-010,LOT-2026-10,iddq,0,9,11.66,13.44,20.38,28.92,LATENT_DRIFT,True
CHIP-26-10-011,LOT-2026-10,iddq,1,0,12.84,13.04,13.4,13.97,NORMAL,False
CHIP-26-10-012,LOT-2026-10,iddq,1,1,12.16,12.37,12.96,13.55,NORMAL,False
CHIP-26-10-013,LOT-2026-10,iddq,1,2,12.3,12.45,12.95,13.35,NORMAL,False
CHIP-26-10-014,LOT-2026-10,iddq,1,3,12.47,12.79,13.46,14.22,NORMAL,False
CHIP-26-10-015,LOT-2026-10,iddq,1,4,11.42,11.67,12.43,13.21,NORMAL,False
CHIP-26-10-016,LOT-2026-10,iddq,1,5,12.23,12.35,12.36,12.67,NORMAL,False
CHIP-26-10-017,LOT-2026-10,iddq,1,6,12.16,12.42,13.07,13.74,NORMAL,False
CHIP-26-10-018,LOT-2026-10,iddq,1,7,12.25,12.39,12.82,13.13,NORMAL,False
CHIP-26-10-019,LOT-2026-10,iddq,1,8,11.92,11.97,12.27,12.41,NORMAL,False
CHIP-26-10-020,LOT-2026-10,iddq,1,9,11.71,11.79,12.08,12.3,NORMAL,False
CHIP-26-10-021,LOT-2026-10,iddq,2,0,11.78,12.04,12.93,13.6,NORMAL,False
CHIP-26-10-022,LOT-2026-10,iddq,2,1,12.35,12.44,12.76,12.96,NORMAL,False
CHIP-26-10-023,LOT-2026-10,iddq,2,2,11.79,11.94,12.13,12.3,NORMAL,False
CHIP-26-10-024,LOT-2026-10,iddq,2,3,12.7,12.74,13.27,13.68,NORMAL,False
CHIP-26-10-025,LOT-2026-10,iddq,2,4,12.14,12.37,12.69,13.28,NORMAL,False
CHIP-26-10-026,LOT-2026-10,iddq,2,5,12.34,12.4,12.68,12.84,NORMAL,False
CHIP-26-10-027,LOT-2026-10,iddq,2,6,11.97,12.06,12.34,12.28,NORMAL,False
CHIP-26-10-028,LOT-2026-10,iddq,2,7,11.95,11.96,12.14,12.37,NORMAL,False
CHIP-26-10-029,LOT-2026-10,iddq,2,8,12.55,12.61,12.75,12.94,NORMAL,False
CHIP-26-10-030,LOT-2026-10,iddq,2,9,12.9,13.1,13.9,14.73,NORMAL,False
CHIP-26-10-031,LOT-2026-10,iddq,3,0,11.84,12.11,12.91,13.79,NORMAL,False
CHIP-26-10-032,LOT-2026-10,iddq,3,1,11.77,11.97,12.49,13.17,NORMAL,False
CHIP-26-10-033,LOT-2026-10,iddq,3,2,12.7,12.76,12.89,13.01,NORMAL,False
CHIP-26-10-034,LOT-2026-10,iddq,3,3,12.75,12.9,13.4,13.98,NORMAL,False
CHIP-26-10-035,LOT-2026-10,iddq,3,4,12.63,12.71,13.01,13.14,NORMAL,False
CHIP-26-10-036,LOT-2026-10,iddq,3,5,12.31,12.57,13.02,13.49,NORMAL,False
CHIP-26-10-037,LOT-2026-10,iddq,3,6,12.62,12.82,13.29,13.94,NORMAL,False
CHIP-26-10-038,LOT-2026-10,iddq,3,7,12.22,12.32,12.7,13.14,NORMAL,False
CHIP-26-10-039,LOT-2026-10,iddq,3,8,11.99,12.19,12.93,13.69,NORMAL,False
CHIP-26-10-040,LOT-2026-10,iddq,3,9,12.35,12.46,13.14,13.63,NORMAL,False
CHIP-26-10-041,LOT-2026-10,iddq,4,0,11.7,11.76,11.95,12.27,NORMAL,False
CHIP-26-10-042,LOT-2026-10,iddq,4,1,12.04,12.27,12.97,13.52,NORMAL,False
CHIP-26-10-043,LOT-2026-10,iddq,4,2,12.35,12.46,12.85,13.23,NORMAL,False
CHIP-26-10-044,LOT-2026-10,iddq,4,3,11.98,12.2,12.81,13.31,NORMAL,False
CHIP-26-10-045,LOT-2026-10,iddq,4,4,11.96,12.24,12.83,13.48,NORMAL,False
CHIP-26-10-046,LOT-2026-10,iddq,4,5,12.67,12.77,13.25,13.66,NORMAL,False
CHIP-26-10-047,LOT-2026-10,iddq,4,6,11.99,12.1,12.44,12.91,NORMAL,False
CHIP-26-10-048,LOT-2026-10,iddq,4,7,11.79,11.99,12.7,13.37,NORMAL,False
CHIP-26-10-049,LOT-2026-10,iddq,4,8,12.79,13.05,13.74,14.53,NORMAL,False
CHIP-26-10-050,LOT-2026-10,iddq,4,9,11.86,11.98,12.02,12.1,NORMAL,False
CHIP-26-10-051,LOT-2026-10,iddq,5,0,12.62,12.78,13.08,13.5,NORMAL,False
CHIP-26-10-052,LOT-2026-10,iddq,5,1,12.84,13.03,13.73,14.47,NORMAL,False
CHIP-26-10-053,LOT-2026-10,iddq,5,2,12.4,12.59,12.75,13.03,NORMAL,False
CHIP-26-10-054,LOT-2026-10,iddq,5,3,12.58,12.77,13.32,14.05,NORMAL,False
CHIP-26-10-055,LOT-2026-10,iddq,5,4,11.56,11.65,11.75,12.0,NORMAL,False
CHIP-26-10-056,LOT-2026-10,iddq,5,5,12.16,12.16,12.34,12.59,NORMAL,False
CHIP-26-10-057,LOT-2026-10,iddq,5,6,12.48,12.74,13.43,13.97,NORMAL,False
CHIP-26-10-058,LOT-2026-10,iddq,5,7,12.35,12.61,13.33,13.63,NORMAL,False
CHIP-26-10-059,LOT-2026-10,iddq,5,8,12.28,12.33,12.38,12.51,NORMAL,False
CHIP-26-10-060,LOT-2026-10,iddq,5,9,11.87,12.09,12.66,13.28,NORMAL,False
CHIP-26-10-061,LOT-2026-10,iddq,6,0,12.28,12.49,12.97,13.32,NORMAL,False
CHIP-26-10-062,LOT-2026-10,iddq,6,1,12.3,12.51,13.04,13.51,NORMAL,False
CHIP-26-10-063,LOT-2026-10,iddq,6,2,12.45,12.64,13.24,13.85,NORMAL,False
CHIP-26-10-064,LOT-2026-10,iddq,6,3,12.36,12.45,12.66,13.09,NORMAL,False
CHIP-26-10-065,LOT-2026-10,iddq,6,4,12.36,12.41,12.65,12.89,NORMAL,False
CHIP-26-10-066,LOT-2026-10,iddq,6,5,12.42,12.68,13.29,13.75,NORMAL,False
CHIP-26-10-067,LOT-2026-10,iddq,6,6,12.06,12.19,12.62,13.07,NORMAL,False
CHIP-26-10-068,LOT-2026-10,iddq,6,7,12.02,12.17,12.66,13.06,NORMAL,False
CHIP-26-10-069,LOT-2026-10,iddq,6,8,11.76,11.99,12.46,12.71,NORMAL,False
CHIP-26-10-070,LOT-2026-10,iddq,6,9,12.73,12.88,13.39,14.04,NORMAL,False
CHIP-26-10-071,LOT-2026-10,iddq,7,0,11.98,12.17,12.76,13.27,NORMAL,False
CHIP-26-10-072,LOT-2026-10,iddq,7,1,11.63,11.58,11.85,12.08,NORMAL,False
CHIP-26-10-073,LOT-2026-10,iddq,7,2,12.09,12.26,12.94,13.66,NORMAL,False
CHIP-26-10-074,LOT-2026-10,iddq,7,3,11.78,11.86,12.05,12.36,NORMAL,False
CHIP-26-10-075,LOT-2026-10,iddq,7,4,12.46,12.43,12.67,13.01,NORMAL,False
CHIP-26-10-076,LOT-2026-10,iddq,7,5,12.08,12.15,12.42,12.61,NORMAL,False
CHIP-26-10-077,LOT-2026-10,iddq,7,6,12.28,12.5,13.1,13.63,NORMAL,False
CHIP-26-10-078,LOT-2026-10,iddq,7,7,11.71,11.8,12.01,12.3,NORMAL,False
CHIP-26-10-079,LOT-2026-10,iddq,7,8,12.8,13.04,13.59,14.04,NORMAL,False
CHIP-26-10-080,LOT-2026-10,iddq,7,9,12.55,12.85,13.55,14.35,NORMAL,False
CHIP-26-10-081,LOT-2026-10,iddq,8,0,12.9,13.2,13.94,14.63,NORMAL,False
CHIP-26-10-082,LOT-2026-10,iddq,8,1,12.09,12.33,12.92,13.46,NORMAL,False
CHIP-26-10-083,LOT-2026-10,iddq,8,2,12.28,12.34,12.52,12.81,NORMAL,False
CHIP-26-10-084,LOT-2026-10,iddq,8,3,12.24,12.43,13.16,13.85,NORMAL,False
CHIP-26-10-085,LOT-2026-10,iddq,8,4,12.25,12.6,13.39,14.01,NORMAL,False
CHIP-26-10-086,LOT-2026-10,iddq,8,5,12.04,12.23,12.95,13.58,NORMAL,False
CHIP-26-10-087,LOT-2026-10,iddq,8,6,12.07,12.12,12.46,12.72,NORMAL,False
CHIP-26-10-088,LOT-2026-10,iddq,8,7,11.7,11.99,12.79,13.48,NORMAL,False
CHIP-26-10-089,LOT-2026-10,iddq,8,8,12.35,12.58,13.39,14.1,NORMAL,False
CHIP-26-10-090,LOT-2026-10,iddq,8,9,11.83,11.98,12.2,12.42,NORMAL,False
CHIP-26-10-091,LOT-2026-10,iddq,9,0,12.73,12.79,13.05,13.18,NORMAL,False
CHIP-26-10-092,LOT-2026-10,iddq,9,1,12.08,12.34,13.08,13.68,NORMAL,False
CHIP-26-10-093,LOT-2026-10,iddq,9,2,12.61,12.8,13.11,13.36,NORMAL,False
CHIP-26-10-094,LOT-2026-10,iddq,9,3,12.31,12.61,13.4,14.19,NORMAL,False
CHIP-26-10-095,LOT-2026-10,iddq,9,4,11.87,12.15,12.85,13.47,NORMAL,False
CHIP-26-10-096,LOT-2026-10,iddq,9,5,12.17,12.41,12.84,13.18,NORMAL,False
CHIP-26-10-097,LOT-2026-10,iddq,9,6,12.62,12.85,13.66,14.45,NORMAL,False
CHIP-26-10-098,LOT-2026-10,iddq,9,7,12.21,12.32,12.66,13.04,NORMAL,False
CHIP-26-10-099,LOT-2026-10,iddq,9,8,11.91,12.17,12.79,13.36,NORMAL,False
CHIP-26-10-100,LOT-2026-10,iddq,9,9,11.9,12.16,12.92,13.46,NORMAL,False
